resolution,emotions,people,tries,time
1,10,10,30,22.8697169
1,10,11,30,25.3971477
1,10,12,30,26.8283069
1,10,13,30,29.2717931
1,10,14,30,31.7046866
1,10,15,30,34.2408617
1,10,16,30,34.6487032
1,10,17,30,40.2886015
1,10,18,30,42.6048431
1,10,19,30,42.3623009
1,10,2,30,7.352855
1,10,20,30,46.9462
1,10,21,30,44.3770012
1,10,22,30,48.0639453
1,10,23,30,53.0775477
1,10,24,30,51.2396239
1,10,25,30,54.7816536
1,10,26,30,56.1710262
1,10,27,30,61.7307997
1,10,28,30,56.468527
1,10,29,30,62.9979088
1,10,3,30,6.4723636
1,10,30,30,65.3489812
1,10,31,26,60.9180398
1,10,32,26,61.3218464
1,10,33,26,57.3252143
1,10,34,26,65.0806213
1,10,35,26,65.1738257
1,10,36,26,67.2614403
1,10,37,26,68.7777036
1,10,38,26,74.6503107
1,10,39,26,75.6699413
1,10,4,30,12.6046543
1,10,40,26,68.4260297
1,10,41,2,6.0150993
1,10,42,2,6.1867044
1,10,43,2,6.6943116
1,10,5,30,12.2734454
1,10,6,30,13.4330533
1,10,7,30,16.3954706
1,10,8,30,17.6986865
1,10,9,30,20.2485283
1,11,10,30,29.4553768
1,11,11,30,36.8341404
1,11,12,30,27.1310734
1,11,13,30,32.3436549
1,11,14,30,35.6156649
1,11,15,30,57.2808102
1,11,16,30,37.40612
1,11,17,30,45.2901087
1,11,18,30,44.8011703
1,11,19,30,46.496725
1,11,2,30,11.9541913
1,11,20,30,50.5574472
1,11,21,30,50.7488681
1,11,22,30,52.2603735
1,11,23,30,58.3814399
1,11,24,30,71.3249157
1,11,25,30,59.1247654
1,11,26,30,65.1067265
1,11,27,30,65.7191763
1,11,28,30,68.050998
1,11,29,30,67.4076725
1,11,3,30,7.3650735
1,11,30,30,69.5095967
1,11,31,26,82.8279294
1,11,32,26,79.8304289
1,11,33,26,62.7253144
1,11,34,26,75.6801403
1,11,35,26,69.881391
1,11,36,26,78.3473884
1,11,37,26,78.8226366
1,11,38,26,88.481275
1,11,39,26,83.3551851
1,11,4,30,8.9865711
1,11,40,26,77.0452259
1,11,41,2,6.3706668
1,11,42,2,6.761129
1,11,43,2,7.1669172
1,11,44,2,7.6662112
1,11,45,2,8.4176489
1,11,46,2,8.4064067
1,11,47,2,9.4953531
1,11,48,2,10.825391
1,11,49,2,9.3831207
1,11,5,30,11.907465
1,11,50,2,10.5619319
1,11,51,2,10.3983783
1,11,52,2,9.7874037
1,11,53,2,11.2116753
1,11,54,2,12.3817245
1,11,6,30,20.510519
1,11,7,30,15.6775287
1,11,8,30,20.4512425
1,11,9,30,20.6361984
1,12,10,30,26.9612932
1,12,11,30,26.7884585
1,12,12,30,31.5108065
1,12,13,30,35.3027569
1,12,14,30,47.997693
1,12,15,30,38.4881538
1,12,16,30,42.4610298
1,12,17,30,48.1114249
1,12,18,30,48.2779555
1,12,19,30,49.4416372
1,12,2,30,13.2875824
1,12,20,30,56.5572149
1,12,21,30,53.0602446
1,12,22,30,56.4429349
1,12,23,30,64.3698817
1,12,24,30,64.6125146
1,12,25,30,63.3704188
1,12,26,30,73.0035612
1,12,27,30,90.2797089
1,12,28,30,68.9795738
1,12,29,30,77.452845
1,12,3,30,12.0581894
1,12,30,30,76.5114005
1,12,31,26,75.6244108
1,12,32,26,73.5939096
1,12,33,26,76.2367386
1,12,34,26,74.149682
1,12,35,26,80.9793943
1,12,36,26,102.3983278
1,12,37,26,87.8074028
1,12,38,26,86.4179513
1,12,39,26,93.2209961
1,12,4,30,10.7338695
1,12,40,26,85.2606871
1,12,41,2,6.7170373
1,12,42,2,7.7066618
1,12,43,2,7.8665967
1,12,44,2,8.5586013
1,12,45,2,9.3045987
1,12,46,2,9.3307592
1,12,47,2,10.0680701
1,12,48,2,11.261335
1,12,49,2,8.6435875
1,12,5,30,12.5010121
1,12,50,2,8.523605
1,12,51,2,8.8871429
1,12,52,2,9.1492867
1,12,53,2,9.5896177
1,12,54,2,9.3149699
1,12,55,2,10.4826078
1,12,56,2,10.923178
1,12,57,2,12.584034
1,12,58,2,11.9157271
1,12,59,2,12.194467
1,12,6,30,14.731361
1,12,60,2,12.5997383
1,12,61,2,11.9823747
1,12,62,2,10.9482192
1,12,63,2,11.1974488
1,12,64,2,10.7363302
1,12,65,2,11.2721367
1,12,66,2,11.3879976
1,12,67,2,10.991858
1,12,68,2,12.0978339
1,12,69,2,12.5072652
1,12,7,30,17.1141605
1,12,70,2,12.1041252
1,12,71,2,13.1398806
1,12,72,2,12.582381
1,12,73,2,13.4931296
1,12,74,2,14.8564451
1,12,75,2,15.8418848
1,12,76,2,17.3412767
1,12,77,2,16.3122315
1,12,78,2,15.9827557
1,12,79,2,26.0834107
1,12,8,30,19.6229071
1,12,80,2,14.0548659
1,12,9,30,21.9872228
1,13,10,30,26.9001178
1,13,11,30,30.4692549
1,13,12,30,33.6715898
1,13,13,30,34.940671
1,13,14,30,40.9894094
1,13,15,30,43.7472963
1,13,16,30,45.0476588
1,13,17,30,51.6924715
1,13,18,30,51.8300701
1,13,19,30,53.9575963
1,13,2,30,20.0976686
1,13,20,30,61.7626822
1,13,21,30,58.0276981
1,13,22,30,62.7467139
1,13,23,30,66.7971289
1,13,24,30,65.7652619
1,13,25,30,70.6980283
1,13,26,30,83.3168361
1,13,27,30,82.7942429
1,13,28,30,81.4488913
1,13,29,30,80.7120622
1,13,3,30,30.1322817
1,13,30,30,84.9481843
1,13,31,26,79.6987291
1,13,32,26,79.1184002
1,13,33,26,84.0735102
1,13,34,26,80.0728753
1,13,35,26,87.2817243
1,13,36,26,86.3186428
1,13,37,26,92.156625
1,13,38,26,115.893073
1,13,39,26,101.4543851
1,13,4,30,11.1566619
1,13,40,26,93.5183182
1,13,41,2,7.8075782
1,13,42,2,7.8373212
1,13,43,2,8.6991089
1,13,44,2,8.9980319
1,13,45,2,10.0082046
1,13,46,2,10.103021
1,13,47,2,11.4740954
1,13,48,2,10.5691957
1,13,49,2,9.6086403
1,13,5,30,14.0592603
1,13,50,2,9.5054635
1,13,51,2,10.49782
1,13,52,2,10.1671381
1,13,53,2,10.3255776
1,13,54,2,11.0242948
1,13,55,2,11.2074233
1,13,56,2,11.7438265
1,13,57,2,13.1479571
1,13,58,2,13.2406845
1,13,59,2,14.9700296
1,13,6,30,17.5570469
1,13,60,2,13.1409481
1,13,61,2,14.2296061
1,13,62,2,11.93685
1,13,63,2,12.4173218
1,13,64,2,12.1236149
1,13,65,2,11.5370214
1,13,66,2,12.5495216
1,13,67,2,12.9978832
1,13,68,2,12.4693499
1,13,69,2,13.7151046
1,13,7,30,18.895077
1,13,70,2,13.0481647
1,13,71,2,20.4173405
1,13,72,2,15.4244799
1,13,73,2,28.8553245
1,13,74,2,17.022298
1,13,75,2,16.4328396
1,13,76,2,16.5029154
1,13,77,2,16.7126269
1,13,78,2,17.3105675
1,13,79,2,25.1235922
1,13,8,30,22.9644341
1,13,80,2,15.2456201
1,13,9,30,24.304818
1,14,10,2,2.9522245
1,14,11,2,2.2834419
1,14,12,2,3.5960485
1,14,13,2,4.4276563
1,14,14,2,4.9156363
1,14,15,2,5.2833954
1,14,16,2,5.8172249
1,14,17,2,6.261761
1,14,18,2,5.3871721
1,14,19,2,6.3521507
1,14,2,2,0.7553418
1,14,20,2,7.6239863
1,14,21,2,8.5158515
1,14,22,2,8.033648
1,14,23,2,7.6946911
1,14,24,2,6.4829153
1,14,25,2,5.5911302
1,14,26,2,5.5367164
1,14,27,2,5.403744
1,14,28,2,5.7483285
1,14,29,2,6.2193507
1,14,3,2,1.0788014
1,14,30,2,6.2935008
1,14,31,2,6.4254463
1,14,32,2,6.3626064
1,14,33,2,6.9318884
1,14,34,2,7.0325314
1,14,35,2,7.2489909
1,14,36,2,7.1836589
1,14,37,2,7.6085606
1,14,38,2,7.8030003
1,14,39,2,8.0158895
1,14,4,2,1.7383161
1,14,40,2,7.8599081
1,14,41,2,12.2887045
1,14,42,2,12.3394367
1,14,43,2,10.1117846
1,14,44,2,8.9695416
1,14,45,2,9.6825732
1,14,46,2,9.7022079
1,14,47,2,9.6068213
1,14,48,2,10.0157175
1,14,49,2,10.1470921
1,14,5,2,2.2401035
1,14,50,2,10.1548261
1,14,51,2,10.5722323
1,14,52,2,10.8832376
1,14,53,2,10.8385828
1,14,54,2,11.0179979
1,14,55,2,11.1901691
1,14,56,2,11.461642
1,14,57,2,11.6057554
1,14,58,2,11.6891086
1,14,59,2,11.9797351
1,14,6,2,2.5757569
1,14,60,2,12.286402
1,14,61,2,23.1212517
1,14,62,2,16.1849514
1,14,63,2,13.9390189
1,14,64,2,14.2436597
1,14,65,2,13.8611821
1,14,66,2,13.8171263
1,14,67,2,13.8714824
1,14,68,2,14.2933038
1,14,69,2,14.2809109
1,14,7,2,2.3704865
1,14,70,2,14.4494522
1,14,71,2,21.1663286
1,14,72,2,17.2206485
1,14,73,2,14.7884633
1,14,74,2,15.4475785
1,14,75,2,15.4231033
1,14,76,2,15.783497
1,14,77,2,15.9163216
1,14,78,2,16.2932437
1,14,79,2,16.0478788
1,14,8,2,2.6968394
1,14,80,2,16.3681445
1,14,9,2,2.4737834
1,2,10,10,0.7712311
1,2,2,25,0.8393224
1,2,3,25,0.6386946
1,2,4,22,0.7240547
1,2,5,22,0.8833869
1,2,6,10,0.4903883
1,2,7,10,0.5266418
1,2,8,10,0.6228344
1,2,9,10,0.6773758
1,3,10,10,1.5283114
1,3,2,25,1.2719621
1,3,3,25,1.2593742
1,3,4,22,1.4378819
1,3,5,22,1.7143514
1,3,6,10,0.963574
1,3,7,10,1.0720748
1,3,8,10,1.2040502
1,3,9,10,1.3545338
1,4,10,10,2.2431584
1,4,2,30,2.0459347
1,4,3,30,2.2254479
1,4,4,30,2.9991879
1,4,5,30,3.505882
1,4,6,10,1.4671093
1,4,7,10,1.5843954
1,4,8,10,1.7984134
1,4,9,10,2.0092137
1,5,10,30,8.9037677
1,5,11,30,9.7793368
1,5,12,30,12.850292
1,5,13,30,12.7250451
1,5,14,30,22.763243
1,5,15,30,14.8892641
1,5,2,30,5.6249794
1,5,3,30,3.136398
1,5,4,30,4.0111827
1,5,5,30,5.2609154
1,5,6,30,6.8620993
1,5,7,30,6.2542821
1,5,8,30,7.5656351
1,5,9,30,8.093711
1,6,10,30,12.1285032
1,6,11,30,12.9330615
1,6,12,30,13.6409495
1,6,13,30,15.3740551
1,6,14,30,17.3802819
1,6,15,30,19.2915048
1,6,16,30,20.0772676
1,6,17,30,21.7129827
1,6,2,30,10.036907
1,6,3,30,4.8851053
1,6,4,30,5.0550311
1,6,5,30,6.0385111
1,6,6,30,7.441082
1,6,7,30,8.3238623
1,6,8,30,8.8989146
1,6,9,30,11.0594382
1,7,10,30,13.4011823
1,7,11,30,15.0800056
1,7,12,30,17.4513524
1,7,13,30,18.7136226
1,7,14,30,18.779074
1,7,15,30,22.602327
1,7,16,30,24.4364614
1,7,17,30,27.2078407
1,7,18,30,28.1337335
1,7,19,30,29.1691213
1,7,2,30,4.5393456
1,7,3,30,5.7602329
1,7,4,30,6.4769046
1,7,5,30,8.2387507
1,7,6,30,8.0987988
1,7,7,30,9.3736285
1,7,8,30,10.7409707
1,7,9,30,13.1472935
1,8,10,30,15.4665689
1,8,11,30,17.0771228
1,8,12,30,28.2374271
1,8,13,30,22.1657102
1,8,14,30,24.259191
1,8,15,30,25.8580816
1,8,16,30,27.5000589
1,8,17,30,29.9267791
1,8,18,30,33.1557391
1,8,19,30,36.4867106
1,8,2,30,3.63952
1,8,20,30,34.6740686
1,8,21,30,36.9523345
1,8,22,30,41.1083021
1,8,23,30,41.4718248
1,8,24,30,40.9916125
1,8,25,30,43.7100216
1,8,26,30,45.2815356
1,8,27,30,67.3408084
1,8,28,30,46.1054219
1,8,29,30,49.0640386
1,8,3,30,5.5471502
1,8,30,30,49.4277125
1,8,31,26,48.3464578
1,8,4,30,7.8915535
1,8,5,30,8.930312
1,8,6,30,11.6228547
1,8,7,30,11.670803
1,8,8,30,13.0761265
1,8,9,30,15.2677173
1,9,10,30,18.1065687
1,9,11,30,20.9203709
1,9,12,30,23.9527754
1,9,13,30,26.4640116
1,9,14,30,27.6948372
1,9,15,30,28.0886417
1,9,16,30,39.55449
1,9,17,30,32.4982871
1,9,18,30,40.6628236
1,9,19,30,37.7909344
1,9,2,30,4.0546039
1,9,20,30,40.0761072
1,9,21,30,40.3195545
1,9,22,30,42.2787557
1,9,23,30,47.3266462
1,9,24,30,44.9058556
1,9,25,30,47.4003597
1,9,26,30,51.3591385
1,9,27,30,54.966396
1,9,28,30,54.3560873
1,9,29,30,53.1204882
1,9,3,30,5.8129778
1,9,30,30,58.6903708
1,9,31,26,55.971686
1,9,32,26,56.5501017
1,9,33,26,55.0975324
1,9,34,26,53.6445598
1,9,35,26,58.3652684
1,9,36,26,72.8438244
1,9,37,26,62.7684902
1,9,4,30,8.0331155
1,9,5,30,9.8633977
1,9,6,30,11.5664488
1,9,7,30,12.6879944
1,9,8,30,14.8440309
1,9,9,30,16.290914
10,10,10,20,76.7661804
10,10,11,6,28.430887
10,10,12,6,29.8165715
10,10,13,6,36.3826626
10,10,14,6,39.4808807
10,10,15,6,46.7722559
10,10,16,6,49.7654922
10,10,17,6,48.4891173
10,10,18,6,54.146753
10,10,19,6,56.961255
10,10,2,8,6.0902962
10,10,20,6,60.8336309
10,10,21,6,76.6420747
10,10,22,6,73.9184105
10,10,23,6,80.0314084
10,10,24,6,87.2994079
10,10,25,6,91.080824
10,10,26,4,65.1543348
10,10,27,4,67.6434918
10,10,28,4,69.5911365
10,10,29,4,81.5827339
10,10,3,8,10.7862166
10,10,30,4,79.1333997
10,10,31,4,92.3539214
10,10,32,4,100.2278725
10,10,33,2,53.5727709
10,10,34,2,89.1210976
10,10,35,2,609.9665514
10,10,36,2,1303.3051212
10,10,37,2,1730.3091548
10,10,38,2,1967.4093884
10,10,4,8,12.4577967
10,10,5,8,16.7552492
10,10,6,20,46.4051488
10,10,7,20,56.89109
10,10,8,20,57.5680066
10,10,9,20,66.9432816
10,11,10,20,88.8645078
10,11,11,6,29.7416473
10,11,12,6,33.6201673
10,11,13,6,37.4851741
10,11,14,6,42.3752925
10,11,15,6,45.540428
10,11,16,6,50.2401442
10,11,17,6,55.7466013
10,11,18,6,60.8235069
10,11,19,6,62.6548055
10,11,2,8,7.232669
10,11,20,6,70.8149458
10,11,21,6,77.7584108
10,11,22,6,79.6362961
10,11,23,6,91.2198339
10,11,24,6,97.2396086
10,11,25,6,98.181673
10,11,26,4,72.8623719
10,11,27,4,75.7535356
10,11,28,4,82.0958524
10,11,29,4,87.4354006
10,11,3,8,11.3692875
10,11,30,4,95.9095538
10,11,31,4,103.1547588
10,11,32,4,111.846546
10,11,33,2,57.573599
10,11,34,2,93.8043508
10,11,35,2,397.7106978
10,11,36,2,1459.7131279
10,11,37,2,1714.2376001
10,11,38,2,2167.8820832
10,11,4,8,12.3908615
10,11,5,8,15.5067305
10,11,6,20,48.0214147
10,11,7,20,56.8936661
10,11,8,20,65.6739955
10,11,9,20,76.4396687
10,12,10,20,98.1620111
10,12,11,6,33.9122801
10,12,12,6,38.7181221
10,12,13,6,42.9963901
10,12,14,6,45.9764364
10,12,15,6,51.2838197
10,12,16,6,56.4405093
10,12,17,6,62.4286513
10,12,18,6,68.2344664
10,12,19,6,72.850283
10,12,2,8,10.3978594
10,12,20,6,78.240205
10,12,21,6,85.4777376
10,12,22,6,89.9497847
10,12,23,6,100.9641478
10,12,24,6,110.1732038
10,12,25,6,114.511361
10,12,26,4,79.9639113
10,12,27,4,87.0544638
10,12,28,4,99.1709317
10,12,29,4,101.1438909
10,12,3,8,11.033126
10,12,30,4,98.7422071
10,12,31,4,109.8334038
10,12,32,4,124.2274427
10,12,33,2,66.0639163
10,12,34,2,105.1564067
10,12,35,2,1246.3729051
10,12,36,2,1761.4960761
10,12,37,2,2045.1033849
10,12,38,2,2454.7967472
10,12,4,8,17.5248835
10,12,5,8,20.3348062
10,12,6,20,53.6643882
10,12,7,20,63.7164124
10,12,8,20,75.4763812
10,12,9,20,86.2258379
10,13,10,20,115.4835898
10,13,11,6,38.2389887
10,13,12,6,42.3943759
10,13,13,6,47.0095875
10,13,14,6,52.8853719
10,13,15,6,59.0998456
10,13,16,6,62.1679142
10,13,17,6,70.6776249
10,13,18,6,74.3522897
10,13,19,6,84.4864938
10,13,2,8,22.6045416
10,13,20,6,89.1699322
10,13,21,6,93.1665389
10,13,22,6,103.675748
10,13,23,6,114.2531019
10,13,24,6,118.3697038
10,13,25,6,127.4399278
10,13,26,4,90.9531703
10,13,27,4,95.7943285
10,13,28,4,102.4542243
10,13,29,4,102.9923068
10,13,3,8,13.2986128
10,13,30,4,116.8832148
10,13,31,4,126.0735365
10,13,32,4,130.2721537
10,13,33,2,69.0352856
10,13,34,2,101.4338418
10,13,35,2,809.5574456
10,13,36,2,1764.1232327
10,13,37,2,2116.0499369
10,13,38,2,2517.9109395
10,13,4,8,17.3338642
10,13,5,8,20.4871113
10,13,6,20,61.451348
10,13,7,20,75.5059449
10,13,8,20,85.0340323
10,13,9,20,98.5474987
10,14,10,2,13.1151738
10,14,11,2,13.9878382
10,14,12,2,15.7252167
10,14,13,2,17.2508498
10,14,14,2,18.6428731
10,14,15,2,21.2993885
10,14,16,2,23.0477284
10,14,17,2,25.4791126
10,14,18,2,27.6545429
10,14,19,2,29.6856299
10,14,2,2,3.0616454
10,14,20,2,32.8217274
10,14,21,2,68.3453648
10,14,22,2,72.130652
10,14,23,2,76.1416372
10,14,24,2,81.665013
10,14,25,2,87.1473244
10,14,26,2,47.391144
10,14,27,2,49.6787361
10,14,28,2,54.5906424
10,14,29,2,60.4221511
10,14,3,2,3.9681201
10,14,30,2,62.6590384
10,14,31,2,67.8756465
10,14,32,2,72.3273846
10,14,33,2,74.1021499
10,14,34,2,87.3579064
10,14,35,2,129.7742197
10,14,36,2,2151.3405943
10,14,37,2,2484.6666455
10,14,38,2,2820.6261985
10,14,4,2,5.0576486
10,14,5,2,6.0216719
10,14,6,2,7.2623466
10,14,7,2,8.503913
10,14,8,2,9.9869146
10,14,9,2,11.6902177
10,2,2,8,0.5198708
10,3,2,8,1.0315156
10,4,2,8,1.4840449
10,4,3,8,2.3568025
10,4,4,8,2.9401538
10,5,10,20,30.8047336
10,5,11,6,10.9685613
10,5,12,6,12.941113
10,5,13,6,14.0586396
10,5,14,6,16.6220574
10,5,15,6,17.6407997
10,5,2,8,2.4498863
10,5,3,8,3.4870112
10,5,4,8,4.6671844
10,5,5,8,5.0936879
10,5,6,20,15.860277
10,5,7,20,19.5742182
10,5,8,20,23.7257083
10,5,9,20,26.5390576
10,6,10,20,38.7712187
10,6,11,6,13.1073221
10,6,12,6,15.1451191
10,6,13,6,18.3038489
10,6,14,6,18.7385887
10,6,15,6,21.0041137
10,6,16,6,23.401246
10,6,2,8,3.4178942
10,6,3,8,4.3941907
10,6,4,8,5.6814689
10,6,5,8,6.8158028
10,6,6,20,20.0685035
10,6,7,20,24.370272
10,6,8,20,29.4359095
10,6,9,20,33.6092179
10,7,10,20,47.4034415
10,7,11,6,16.790777
10,7,12,6,18.401718
10,7,13,6,20.4307785
10,7,14,6,23.2799169
10,7,15,6,25.7903296
10,7,16,6,28.7724738
10,7,17,6,31.1472611
10,7,18,6,34.6622512
10,7,19,6,36.7242519
10,7,2,8,4.0702643
10,7,3,8,5.0200284
10,7,4,8,6.961363
10,7,5,8,8.2309428
10,7,6,20,25.1849378
10,7,7,20,30.466986
10,7,8,20,37.0757798
10,7,9,20,42.3521388
10,8,10,20,55.8442362
10,8,11,6,19.2447093
10,8,12,6,22.304573
10,8,13,6,24.3241337
10,8,14,6,27.581634
10,8,15,6,30.9532351
10,8,16,6,33.7678174
10,8,17,6,40.3426789
10,8,18,6,40.2393243
10,8,19,6,43.1564766
10,8,2,8,6.0567383
10,8,20,6,47.9861752
10,8,21,6,53.4125811
10,8,22,6,56.214665
10,8,23,6,62.5226635
10,8,24,6,66.4617287
10,8,25,6,72.471907
10,8,26,4,47.8241719
10,8,27,4,54.4661137
10,8,28,4,59.8113843
10,8,29,4,64.4095769
10,8,3,8,6.883549
10,8,30,4,70.2104878
10,8,4,8,8.1347026
10,8,5,8,9.7957525
10,8,6,20,29.8763489
10,8,7,20,37.3959938
10,8,8,20,41.8921072
10,8,9,20,48.7639926
10,9,10,20,67.5390909
10,9,11,6,22.4898161
10,9,12,6,29.7401549
10,9,13,6,29.3457373
10,9,14,6,32.3553426
10,9,15,6,35.5739217
10,9,16,6,38.6012402
10,9,17,6,42.6714258
10,9,18,6,46.7570686
10,9,19,6,50.7782445
10,9,2,8,6.6987723
10,9,20,6,55.5489023
10,9,21,6,58.9838632
10,9,22,6,63.4116695
10,9,23,6,71.4722872
10,9,24,6,76.29189
10,9,25,6,83.0586412
10,9,26,4,57.7832623
10,9,27,4,62.0898725
10,9,28,4,66.9326423
10,9,29,4,72.5877928
10,9,3,8,10.2672375
10,9,30,4,71.0679665
10,9,31,4,82.7904613
10,9,32,4,89.1995949
10,9,33,2,48.2448221
10,9,34,2,92.661895
10,9,35,2,441.1547539
10,9,36,2,1288.838681
10,9,4,8,12.4908048
10,9,5,8,14.0702589
10,9,6,20,41.5785383
10,9,7,20,47.7682934
10,9,8,20,50.1331706
10,9,9,20,57.6887893
11,10,10,30,168.0957406
11,10,11,4,29.1390431
11,10,12,4,27.7814045
11,10,13,4,30.8620753
11,10,14,4,39.0714942
11,10,15,4,37.8936974
11,10,16,4,42.0659829
11,10,17,4,45.0489012
11,10,18,4,55.1794715
11,10,19,4,54.4865937
11,10,2,30,30.1733724
11,10,20,4,57.103904
11,10,21,2,31.6675963
11,10,22,2,34.0894686
11,10,23,2,36.4298312
11,10,24,2,41.5659295
11,10,25,2,45.9283669
11,10,26,2,46.2228025
11,10,27,2,52.154561
11,10,28,2,55.0677646
11,10,29,2,1108.1635383
11,10,3,30,45.4460971
11,10,30,2,1412.726169
11,10,31,2,1845.2784323
11,10,4,30,57.0369554
11,10,5,30,70.5845551
11,10,6,30,86.5917887
11,10,7,30,103.7029005
11,10,8,30,118.6175256
11,10,9,30,164.3430819
11,11,10,30,191.0678745
11,11,11,4,28.0642762
11,11,12,4,31.3061733
11,11,13,4,40.2575343
11,11,14,4,38.9216071
11,11,15,4,41.7847181
11,11,16,4,46.0928153
11,11,17,4,52.3361452
11,11,18,4,57.402608
11,11,19,4,59.7873766
11,11,2,30,36.1440856
11,11,20,4,67.8384894
11,11,21,2,36.0828973
11,11,22,2,37.4247148
11,11,23,2,41.5321626
11,11,24,2,46.5376128
11,11,25,2,46.8500923
11,11,26,2,55.1215301
11,11,27,2,58.2421744
11,11,28,2,84.3996321
11,11,29,2,1175.3156242
11,11,3,30,52.0543543
11,11,30,2,1701.4937047
11,11,31,2,2159.0360539
11,11,4,30,63.7602032
11,11,5,30,80.3744845
11,11,6,30,100.7088707
11,11,7,30,118.1184448
11,11,8,30,138.2466231
11,11,9,30,161.8212984
11,12,10,30,209.6951426
11,12,11,4,31.257233
11,12,12,4,35.6940295
11,12,13,4,40.4287881
11,12,14,4,42.1887698
11,12,15,4,46.4322201
11,12,16,4,52.602537
11,12,17,4,62.7996195
11,12,18,4,64.9061954
11,12,19,4,70.5612667
11,12,2,30,54.4259068
11,12,20,4,76.1403986
11,12,21,2,39.8814288
11,12,22,2,43.0195469
11,12,23,2,46.4925436
11,12,24,2,52.6426607
11,12,25,2,57.5504062
11,12,26,2,56.6908999
11,12,27,2,64.1939721
11,12,28,2,77.0158622
11,12,29,2,187.5491587
11,12,3,30,56.4503764
11,12,30,2,1841.8491576
11,12,31,2,2389.8495853
11,12,4,30,75.9772158
11,12,5,30,92.45261
11,12,6,30,111.719009
11,12,7,30,132.9027975
11,12,8,30,158.6485822
11,12,9,30,179.6928592
11,13,10,30,245.023771
11,13,11,4,35.0667113
11,13,12,4,39.8891372
11,13,13,4,44.3190362
11,13,14,4,48.6120577
11,13,15,4,54.1181512
11,13,16,4,60.528878
11,13,17,4,64.8849764
11,13,18,4,71.5422942
11,13,19,4,75.4648935
11,13,2,30,115.3436029
11,13,20,4,85.2846267
11,13,21,2,44.6805199
11,13,22,2,46.6074987
11,13,23,2,53.2276484
11,13,24,2,55.3009144
11,13,25,2,60.3464389
11,13,26,2,67.0319511
11,13,27,2,70.439527
11,13,28,2,109.9005704
11,13,29,2,1261.0113406
11,13,3,30,72.7337783
11,13,30,2,1926.4784791
11,13,31,2,2450.3004613
11,13,4,30,89.7624437
11,13,5,30,106.7165951
11,13,6,30,130.3661313
11,13,7,30,163.2250075
11,13,8,30,181.0179527
11,13,9,30,213.3526731
11,14,10,2,17.6984764
11,14,11,2,26.1801962
11,14,12,2,24.6412803
11,14,13,2,25.6636716
11,14,14,2,27.5316867
11,14,15,2,29.7696547
11,14,16,2,32.5638618
11,14,17,2,36.2292172
11,14,18,2,40.14364
11,14,19,2,42.6055589
11,14,2,2,4.2612105
11,14,20,2,45.1642727
11,14,21,2,89.4060573
11,14,22,2,97.6011807
11,14,23,2,105.3078855
11,14,24,2,107.2691797
11,14,25,2,112.7685835
11,14,26,2,78.67324
11,14,27,2,79.1209321
11,14,28,2,97.3951974
11,14,29,2,182.17491
11,14,3,2,5.4586852
11,14,30,2,2143.265618
11,14,31,2,2603.6442785
11,14,4,2,7.0025501
11,14,5,2,8.3860122
11,14,6,2,10.2569429
11,14,7,2,12.0660484
11,14,8,2,14.0629806
11,14,9,2,16.1753483
11,2,2,30,2.6624491
11,3,2,30,4.9249449
11,4,2,30,7.2777813
11,4,3,30,11.7750901
11,4,4,30,14.6700727
11,5,10,30,63.5949426
11,5,11,4,10.2885355
11,5,12,4,12.1704368
11,5,13,4,14.4773756
11,5,14,4,14.6196867
11,5,15,4,15.6947263
11,5,2,30,11.4239697
11,5,3,30,16.4519592
11,5,4,30,22.6957332
11,5,5,30,25.3555145
11,5,6,30,32.652253
11,5,7,30,39.8671043
11,5,8,30,46.8703886
11,5,9,30,54.2686869
11,6,10,30,79.8713801
11,6,11,4,12.1831341
11,6,12,4,14.0196549
11,6,13,4,17.7998102
11,6,14,4,17.645094
11,6,15,4,19.3108479
11,6,16,4,22.3416635
11,6,2,30,15.3122403
11,6,3,30,19.9527018
11,6,4,30,25.7545665
11,6,5,30,36.066694
11,6,6,30,44.864556
11,6,7,30,49.6907598
11,6,8,30,59.755634
11,6,9,30,68.9348382
11,7,10,30,98.3343091
11,7,11,4,15.2116805
11,7,12,4,17.3446606
11,7,13,4,19.3939496
11,7,14,4,21.3330794
11,7,15,4,23.8464173
11,7,16,4,27.0922121
11,7,17,4,29.1393905
11,7,18,4,32.8667849
11,7,19,4,36.088061
11,7,2,30,18.3062411
11,7,3,30,24.6501983
11,7,4,30,33.5799759
11,7,5,30,41.5884969
11,7,6,30,51.9625286
11,7,7,30,62.6962006
11,7,8,30,73.449068
11,7,9,30,85.7561738
11,8,10,30,122.501002
11,8,11,4,17.7849224
11,8,12,4,20.3013038
11,8,13,4,23.155501
11,8,14,4,29.829263
11,8,15,4,28.525356
11,8,16,4,31.6266899
11,8,17,4,37.3411563
11,8,18,4,39.3349807
11,8,19,4,42.0293155
11,8,2,30,27.9013634
11,8,20,4,47.3750682
11,8,21,2,24.1574962
11,8,22,2,26.7927154
11,8,23,2,29.146851
11,8,24,2,32.371077
11,8,25,2,36.2891496
11,8,26,2,40.1071898
11,8,27,2,41.6462061
11,8,28,2,64.8829736
11,8,29,2,469.0646233
11,8,3,30,33.1450597
11,8,30,2,1031.0029503
11,8,4,30,60.5838495
11,8,5,30,50.4838479
11,8,6,30,62.9381551
11,8,7,30,76.9460205
11,8,8,30,86.2435357
11,8,9,30,100.6632761
11,9,10,30,141.8047621
11,9,11,4,20.9253847
11,9,12,4,26.2526743
11,9,13,4,27.9421613
11,9,14,4,29.7412668
11,9,15,4,32.3557115
11,9,16,4,36.9062947
11,9,17,4,40.3872567
11,9,18,4,43.4607132
11,9,19,4,49.11588
11,9,2,30,26.7568568
11,9,20,4,54.8949908
11,9,21,2,28.6427574
11,9,22,2,28.8938295
11,9,23,2,33.7922519
11,9,24,2,36.7022439
11,9,25,2,41.0332401
11,9,26,2,44.3243701
11,9,27,2,46.4878375
11,9,28,2,56.0239328
11,9,29,2,871.2628845
11,9,3,30,38.1604644
11,9,30,2,1222.4133328
11,9,31,2,1732.3118208
11,9,4,30,58.004878
11,9,5,30,66.1028284
11,9,6,30,80.4528825
11,9,7,30,91.0078036
11,9,8,30,107.2852592
11,9,9,30,122.5022273
12,10,10,30,223.0967381
12,10,11,4,33.9729284
12,10,12,4,37.3732533
12,10,13,4,42.0578886
12,10,14,4,47.6280325
12,10,15,4,50.7559408
12,10,16,4,59.3280897
12,10,17,4,63.4241116
12,10,18,4,68.2860098
12,10,19,4,75.0780568
12,10,2,30,41.1143616
12,10,20,4,84.6637927
12,10,21,2,44.8176926
12,10,22,2,51.4681989
12,10,23,2,56.3200197
12,10,24,2,122.9362694
12,10,25,2,1583.768033
12,10,26,2,1657.5918614
12,10,3,30,57.3168072
12,10,4,30,74.5509784
12,10,5,30,95.386424
12,10,6,30,117.5454765
12,10,7,30,138.0336521
12,10,8,30,170.2319796
12,10,9,30,188.5347396
12,11,10,30,265.4992197
12,11,11,4,38.2174644
12,11,12,4,42.3287399
12,11,13,4,47.5197187
12,11,14,4,54.112521
12,11,15,4,58.3432038
12,11,16,4,66.9442996
12,11,17,4,73.8701299
12,11,18,4,75.9098887
12,11,19,4,81.8474965
12,11,2,30,50.5447612
12,11,20,4,93.3072626
12,11,21,2,52.8606881
12,11,22,2,53.9418225
12,11,23,2,62.7495527
12,11,24,2,1092.9047124
12,11,25,2,1633.439302
12,11,26,2,1887.5499504
12,11,3,30,66.8692627
12,11,4,30,86.3413185
12,11,5,30,110.4220423
12,11,6,30,143.4245436
12,11,7,30,159.6541201
12,11,8,30,195.6760671
12,11,9,30,228.5106129
12,12,10,30,294.8004971
12,12,11,4,43.2627395
12,12,12,4,48.7532074
12,12,13,4,55.2294747
12,12,14,4,59.0430896
12,12,15,4,65.3046891
12,12,16,4,75.9537631
12,12,17,4,78.8970944
12,12,18,4,89.9207001
12,12,19,4,98.960437
12,12,2,30,72.9937978
12,12,20,4,104.1305044
12,12,21,2,59.6204003
12,12,22,2,62.1887256
12,12,23,2,67.7132848
12,12,24,2,119.3697747
12,12,25,2,1647.4661733
12,12,26,2,2194.0115112
12,12,3,30,77.1597585
12,12,4,30,102.3953791
12,12,5,30,126.4178876
12,12,6,30,153.8930716
12,12,7,30,187.5188147
12,12,8,30,222.4219882
12,12,9,30,253.2154745
12,13,10,30,333.9688299
12,13,11,4,48.2264542
12,13,12,4,53.1301547
12,13,13,4,59.0045905
12,13,14,4,66.2908741
12,13,15,4,74.4076935
12,13,16,4,83.7001898
12,13,17,4,91.8323169
12,13,18,4,96.536276
12,13,19,4,101.6874024
12,13,2,30,165.1422598
12,13,20,4,116.4942535
12,13,21,2,64.3666049
12,13,22,2,66.192333
12,13,23,2,75.9670466
12,13,24,2,146.1732794
12,13,25,2,1818.4952234
12,13,26,2,2237.7930015
12,13,3,30,91.0435002
12,13,4,30,121.0746654
12,13,5,30,146.5774063
12,13,6,30,178.3359159
12,13,7,30,209.908612
12,13,8,30,251.2637603
12,13,9,30,291.134611
12,14,10,2,24.8007101
12,14,11,2,26.9763137
12,14,12,2,28.9098298
12,14,13,2,31.9293261
12,14,14,2,35.6092563
12,14,15,2,39.750096
12,14,16,2,46.2541477
12,14,17,2,50.6977166
12,14,18,2,55.6765721
12,14,19,2,60.6428402
12,14,2,2,5.7002535
12,14,20,2,64.6371427
12,14,21,2,118.2539713
12,14,22,2,127.5417227
12,14,23,2,137.3446294
12,14,24,2,370.2901379
12,14,25,2,2351.6481851
12,14,26,2,2585.4412382
12,14,3,2,7.2228539
12,14,4,2,9.1465577
12,14,5,2,11.325542
12,14,6,2,14.3917918
12,14,7,2,19.0130082
12,14,8,2,21.3531105
12,14,9,2,25.2633806
12,2,2,30,3.5358907
12,3,2,30,6.1209146
12,4,2,30,9.536959
12,4,3,30,15.4986291
12,4,4,30,19.5775591
12,5,10,30,86.5300051
12,5,11,4,13.7981951
12,5,12,4,15.6546726
12,5,13,4,19.463792
12,5,14,4,19.8471639
12,5,15,4,21.8359887
12,5,2,30,13.8170747
12,5,3,30,19.9258655
12,5,4,30,26.541015
12,5,5,30,34.0372272
12,5,6,30,43.0510146
12,5,7,30,53.4854163
12,5,8,30,64.309816
12,5,9,30,73.0819419
12,6,10,30,109.4142131
12,6,11,4,16.7832179
12,6,12,4,18.9756305
12,6,13,4,23.7169853
12,6,14,4,24.2249113
12,6,15,4,26.9499091
12,6,16,4,32.4198777
12,6,2,30,19.2281281
12,6,3,30,25.8775853
12,6,4,30,34.4447602
12,6,5,30,44.9489084
12,6,6,30,56.1681496
12,6,7,30,70.951433
12,6,8,30,80.0608585
12,6,9,30,95.0977196
12,7,10,30,134.4113593
12,7,11,4,20.6876637
12,7,12,4,23.032981
12,7,13,4,26.3033226
12,7,14,4,29.0932414
12,7,15,4,32.6707712
12,7,16,4,39.4596891
12,7,17,4,40.0105145
12,7,18,4,44.0171168
12,7,19,4,49.8759727
12,7,2,30,27.5319316
12,7,3,30,32.8165885
12,7,4,30,43.248728
12,7,5,30,55.7288958
12,7,6,30,68.2561562
12,7,7,30,82.8534211
12,7,8,30,99.482212
12,7,9,30,116.2608621
12,8,10,30,158.2626356
12,8,11,4,24.8309483
12,8,12,4,28.1643453
12,8,13,4,31.5063762
12,8,14,4,36.3889515
12,8,15,4,39.9633819
12,8,16,4,46.6773871
12,8,17,4,48.170959
12,8,18,4,52.7151715
12,8,19,4,55.938969
12,8,2,30,34.7996329
12,8,20,4,64.2462794
12,8,21,2,37.2473694
12,8,22,2,40.0745785
12,8,23,2,43.6374284
12,8,24,2,76.0736845
12,8,25,2,1170.0068451
12,8,26,2,1433.5684159
12,8,3,30,48.4311918
12,8,4,30,61.7107748
12,8,5,30,67.3884238
12,8,6,30,84.122152
12,8,7,30,103.6203944
12,8,8,30,125.8863375
12,8,9,30,143.1543229
12,9,10,30,197.3788339
12,9,11,4,29.0453941
12,9,12,4,32.4475573
12,9,13,4,37.2538502
12,9,14,4,41.2271767
12,9,15,4,44.9459216
12,9,16,4,52.9049861
12,9,17,4,56.8450776
12,9,18,4,60.5820152
12,9,19,4,67.2176298
12,9,2,30,34.7150295
12,9,20,4,75.6587944
12,9,21,2,40.9557166
12,9,22,2,44.8395775
12,9,23,2,50.2302844
12,9,24,2,409.4284954
12,9,25,2,1260.8953656
12,9,26,2,1714.5995177
12,9,3,30,48.8357718
12,9,4,30,64.3278235
12,9,5,30,88.505511
12,9,6,30,104.3285142
12,9,7,30,125.3155652
12,9,8,30,143.8126487
12,9,9,30,169.8114505
13,10,10,30,297.8523953
13,10,11,4,50.6472799
13,10,12,4,49.4696602
13,10,13,4,56.2845189
13,10,14,4,63.9108263
13,10,15,4,67.6232969
13,10,16,4,75.702466
13,10,17,4,81.9786328
13,10,18,4,97.3135351
13,10,19,4,108.8368432
13,10,2,30,54.6925971
13,10,20,4,144.84516
13,10,21,2,1038.3413704
13,10,22,2,1700.5788363
13,10,3,30,75.8854042
13,10,4,30,98.7473636
13,10,5,30,131.5472091
13,10,6,30,160.1494599
13,10,7,30,190.3665346
13,10,8,30,221.6483943
13,10,9,30,259.4620984
13,11,10,30,347.4601404
13,11,11,4,51.4337705
13,11,12,4,56.7833809
13,11,13,4,62.6137575
13,11,14,4,71.7891693
13,11,15,4,79.1188014
13,11,16,4,88.4390131
13,11,17,4,99.359589
13,11,18,4,108.3396971
13,11,19,4,117.1303021
13,11,2,30,67.0333593
13,11,20,4,150.2596263
13,11,21,2,1325.8060238
13,11,22,2,1911.5535191
13,11,3,30,88.8860371
13,11,4,30,117.2412154
13,11,5,30,150.3496724
13,11,6,30,182.2964574
13,11,7,30,220.0784183
13,11,8,30,264.8660806
13,11,9,30,304.8554008
13,12,10,30,392.2828257
13,12,11,4,56.9810126
13,12,12,4,65.2722612
13,12,13,4,74.1796989
13,12,14,4,78.6585883
13,12,15,4,85.7735419
13,12,16,4,100.1526686
13,12,17,4,102.8763479
13,12,18,4,127.5976078
13,12,19,4,137.172186
13,12,2,30,95.0304723
13,12,20,4,152.5718381
13,12,21,2,1578.8059359
13,12,22,2,2037.6847081
13,12,3,30,103.2907754
13,12,4,30,134.9595219
13,12,5,30,166.0094603
13,12,6,30,207.7953853
13,12,7,30,248.7067517
13,12,8,30,294.133778
13,12,9,30,340.6585366
13,13,10,30,445.0573396
13,13,11,4,63.5294265
13,13,12,4,74.6318584
13,13,13,4,78.9625945
13,13,14,4,93.0105641
13,13,15,4,100.7253701
13,13,16,4,111.382572
13,13,17,4,121.2578966
13,13,18,4,133.5185398
13,13,19,4,139.4245459
13,13,2,30,217.6808066
13,13,20,4,203.7986943
13,13,21,2,1770.8235522
13,13,22,2,2127.3515331
13,13,3,30,120.6142643
13,13,4,30,158.0949898
13,13,5,30,197.0544828
13,13,6,30,243.8926761
13,13,7,30,290.4852769
13,13,8,30,342.3160172
13,13,9,30,396.7851241
13,14,10,2,32.3958974
13,14,11,2,35.6452722
13,14,12,2,39.4763827
13,14,13,2,44.1201685
13,14,14,2,50.3103497
13,14,15,2,54.7112714
13,14,16,2,59.8395558
13,14,17,2,67.6691631
13,14,18,2,75.2531888
13,14,19,2,83.9439122
13,14,2,2,7.9009636
13,14,20,2,92.2933602
13,14,21,2,1511.938572
13,14,22,2,2417.0914176
13,14,3,2,9.8629076
13,14,4,2,12.1612222
13,14,5,2,15.2065071
13,14,6,2,18.5594964
13,14,7,2,21.8403821
13,14,8,2,25.2282247
13,14,9,2,29.2846308
13,2,2,30,4.4725088
13,3,2,30,8.1412807
13,4,2,30,12.3567523
13,4,3,30,18.5484744
13,4,4,30,25.3664123
13,5,10,30,115.7268292
13,5,11,4,20.6035629
13,5,12,4,20.6899088
13,5,13,4,24.7064643
13,5,14,4,26.2541774
13,5,2,30,17.5546369
13,5,3,30,25.4842854
13,5,4,30,35.7447505
13,5,5,30,44.9553881
13,5,6,30,57.0077663
13,5,7,30,70.9258199
13,5,8,30,84.7852069
13,5,9,30,97.9169279
13,6,10,30,147.586822
13,6,11,4,22.8133384
13,6,12,4,25.4657542
13,6,13,4,28.7695726
13,6,14,4,32.7360627
13,6,15,4,39.5595551
13,6,16,4,41.5054788
13,6,2,30,24.2103985
13,6,3,30,33.7123211
13,6,4,30,46.5443301
13,6,5,30,59.1014227
13,6,6,30,74.2798651
13,6,7,30,90.3788817
13,6,8,30,116.4776773
13,6,9,30,127.3265004
13,7,10,30,182.3459465
13,7,11,4,27.3977288
13,7,12,4,34.349793
13,7,13,4,34.6321074
13,7,14,4,39.3337205
13,7,15,4,43.3648853
13,7,16,4,51.1262934
13,7,17,4,52.9040273
13,7,18,4,67.7790218
13,7,19,4,74.4450378
13,7,2,30,31.4954176
13,7,3,30,43.291079
13,7,4,30,57.2983665
13,7,5,30,73.6602457
13,7,6,30,90.3317652
13,7,7,30,110.1522821
13,7,8,30,133.3551069
13,7,9,30,156.5085366
13,8,10,30,213.3997015
13,8,11,4,32.7898678
13,8,12,4,36.9251026
13,8,13,4,41.4250187
13,8,14,4,47.2133866
13,8,15,4,52.2890247
13,8,16,4,63.9278889
13,8,17,4,66.58818
13,8,18,4,73.4653272
13,8,19,4,85.3592941
13,8,2,30,37.8688094
13,8,20,4,128.3023664
13,8,21,2,865.3346046
13,8,22,2,1259.1071651
13,8,3,30,63.2450945
13,8,4,30,73.6623014
13,8,5,30,88.5146404
13,8,6,30,110.8069467
13,8,7,30,137.3997233
13,8,8,30,159.259998
13,8,9,30,184.0136315
13,9,10,30,257.4214196
13,9,11,4,38.4810638
13,9,12,4,42.6584349
13,9,13,4,48.7795989
13,9,14,4,55.5732562
13,9,15,4,61.6492933
13,9,16,4,69.4653031
13,9,17,4,79.8525317
13,9,18,4,84.1403924
13,9,19,4,92.2061084
13,9,2,30,45.2254575
13,9,20,4,112.0060942
13,9,21,2,1183.387199
13,9,22,2,1456.7945494
13,9,3,30,63.658204
13,9,4,30,84.4486876
13,9,5,30,113.765307
13,9,6,30,134.5314959
13,9,7,30,165.6555392
13,9,8,30,191.2877909
13,9,9,30,222.6617034
14,10,10,30,389.187864
14,10,11,2,29.4400558
14,10,12,2,34.2122398
14,10,13,2,37.9944603
14,10,14,2,41.7499166
14,10,15,2,46.1117051
14,10,16,2,51.5037124
14,10,17,2,61.9617831
14,10,18,2,1252.5128867
14,10,19,2,1790.9824674
14,10,2,30,71.3404802
14,10,3,30,102.9450296
14,10,4,30,128.898728
14,10,5,30,166.1475245
14,10,6,30,208.5063782
14,10,7,30,246.332047
14,10,8,30,300.1215606
14,10,9,30,336.5611075
14,11,10,30,459.2657914
14,11,11,2,34.570313
14,11,12,2,39.4407992
14,11,13,2,41.2327404
14,11,14,2,47.2721546
14,11,15,2,53.3730415
14,11,16,2,62.3537893
14,11,17,2,70.6269604
14,11,18,2,1236.6838713
14,11,19,2,1898.9195506
14,11,2,30,85.7709469
14,11,3,30,115.986198
14,11,4,30,158.6189344
14,11,5,30,197.3535745
14,11,6,30,237.9575276
14,11,7,30,288.8710577
14,11,8,30,344.5631804
14,11,9,30,398.9551171
14,12,10,30,517.4930636
14,12,11,2,37.0966941
14,12,12,2,46.6880232
14,12,13,2,50.1327951
14,12,14,2,54.2284535
14,12,15,2,57.0059476
14,12,16,2,70.2736716
14,12,17,2,81.4425401
14,12,18,2,1102.214501
14,12,19,2,2016.7728141
14,12,2,30,124.5332349
14,12,3,30,144.7403605
14,12,4,30,178.6314734
14,12,5,30,222.8400437
14,12,6,30,271.7185676
14,12,7,30,322.3079183
14,12,8,30,381.7542552
14,12,9,30,446.6672589
14,13,10,30,602.5864583
14,13,11,2,43.1230336
14,13,12,2,51.3850837
14,13,13,2,53.8576716
14,13,14,2,59.8907129
14,13,15,2,69.2648843
14,13,16,2,76.6947418
14,13,17,2,91.2861126
14,13,18,2,1344.3073669
14,13,19,2,2404.8956128
14,13,2,30,288.1605076
14,13,3,30,165.0012132
14,13,4,30,215.6632137
14,13,5,30,265.0919837
14,13,6,30,324.8468028
14,13,7,30,386.0420321
14,13,8,30,454.4770006
14,13,9,30,524.0572177
14,14,10,2,43.6308498
14,14,11,2,49.0310035
14,14,12,2,57.4774122
14,14,13,2,61.4707202
14,14,14,2,66.7106857
14,14,15,2,77.4414388
14,14,16,2,85.381931
14,14,17,2,94.9248671
14,14,18,2,1963.8615249
14,14,19,2,2775.2943127
14,14,2,2,10.0257337
14,14,3,2,13.1631272
14,14,4,2,16.7307931
14,14,5,2,20.6306011
14,14,6,2,24.8168848
14,14,7,2,29.2983647
14,14,8,2,33.7948498
14,14,9,2,38.896892
14,2,2,30,5.5287842
14,3,2,30,10.4593114
14,4,2,30,15.8584776
14,4,3,30,23.6936857
14,4,4,30,32.4685731
14,5,10,30,154.6633018
14,5,11,2,13.3726467
14,5,12,2,14.4683622
14,5,13,2,16.4925039
14,5,14,2,17.6671619
14,5,2,30,22.4519254
14,5,3,30,32.9317509
14,5,4,30,45.1242783
14,5,5,30,58.1006159
14,5,6,30,74.603761
14,5,7,30,93.1821802
14,5,8,30,109.1410142
14,5,9,30,129.7263406
14,6,10,30,196.0054398
14,6,11,2,15.0224646
14,6,12,2,17.8944491
14,6,13,2,19.6931061
14,6,14,2,21.7628902
14,6,15,2,26.8926294
14,6,16,2,31.8965401
14,6,2,30,30.9343013
14,6,3,30,44.1447162
14,6,4,30,59.136752
14,6,5,30,76.7843866
14,6,6,30,96.7372911
14,6,7,30,119.3682575
14,6,8,30,139.0186639
14,6,9,30,166.9564135
14,7,10,30,246.0991289
14,7,11,2,18.1153223
14,7,12,2,21.5831951
14,7,13,2,23.3834191
14,7,14,2,26.2492452
14,7,15,2,30.7455088
14,7,16,2,34.3408842
14,7,17,2,49.2623843
14,7,18,2,762.5886991
14,7,2,30,39.5035878
14,7,3,30,54.9609414
14,7,4,30,74.0808143
14,7,5,30,94.6889185
14,7,6,30,120.9146109
14,7,7,30,148.9212452
14,7,8,30,177.8065393
14,7,9,30,207.604389
14,8,10,30,285.6921183
14,8,11,2,21.4566209
14,8,12,2,25.0486849
14,8,13,2,27.5747971
14,8,14,2,31.2514053
14,8,15,2,34.7323449
14,8,16,2,40.6421995
14,8,17,2,50.2080781
14,8,18,2,875.4527587
14,8,19,2,1264.4954833
14,8,2,30,48.9405445
14,8,3,30,77.5522654
14,8,4,30,93.1388242
14,8,5,30,118.6514543
14,8,6,30,146.8858282
14,8,7,30,179.9604154
14,8,8,30,205.6010253
14,8,9,30,243.7132081
14,9,10,30,339.0215699
14,9,11,2,25.1542506
14,9,12,2,29.4353755
14,9,13,2,33.5754582
14,9,14,2,37.4538135
14,9,15,2,43.0195052
14,9,16,2,47.0520153
14,9,17,2,54.2985216
14,9,18,2,836.1520886
14,9,19,2,1436.2056925
14,9,2,30,59.8074527
14,9,3,30,95.5694427
14,9,4,30,109.3880197
14,9,5,30,142.9370784
14,9,6,30,176.2214061
14,9,7,30,210.5351429
14,9,8,30,251.4089426
14,9,9,30,290.2177298
15,10,10,30,512.8260447
15,10,11,2,40.2823662
15,10,12,2,51.2933036
15,10,13,2,48.961673
15,10,14,2,56.1261889
15,10,15,2,68.5385623
15,10,16,2,1573.1955904
15,10,17,2,2185.0191407
15,10,2,30,90.5742744
15,10,3,30,133.3409901
15,10,4,30,171.4806948
15,10,5,30,219.1856128
15,10,6,30,268.8394687
15,10,7,30,319.6221969
15,10,8,30,370.4207721
15,10,9,30,442.7410456
15,11,10,30,591.0932252
15,11,11,2,45.7083405
15,11,12,2,49.0880705
15,11,13,2,54.0935393
15,11,14,2,64.568782
15,11,15,2,84.4135291
15,11,16,2,1708.8021139
15,11,17,2,2248.4391081
15,11,2,30,111.8792301
15,11,3,30,153.2418155
15,11,4,30,195.9143252
15,11,5,30,254.4482834
15,11,6,30,309.3829312
15,11,7,30,375.2443088
15,11,8,30,439.0934687
15,11,9,30,516.5888959
15,12,10,30,680.6974623
15,12,11,2,52.8261273
15,12,12,2,55.7331127
15,12,13,2,66.4271823
15,12,14,2,73.9228813
15,12,15,2,89.8851684
15,12,16,2,1581.7201673
15,12,17,2,2238.163047
15,12,2,30,173.9202875
15,12,3,30,188.789813
15,12,4,30,240.7008599
15,12,5,30,299.8059441
15,12,6,30,362.4458773
15,12,7,30,437.7543445
15,12,8,30,509.3109265
15,12,9,30,587.2000213
15,13,10,30,759.9306709
15,13,11,2,56.5242565
15,13,12,2,64.5361043
15,13,13,2,68.8299948
15,13,14,2,81.6223355
15,13,15,2,100.7734444
15,13,16,2,1928.4618678
15,13,17,2,2689.4764286
15,13,2,30,357.8033161
15,13,3,30,209.8632795
15,13,4,30,270.4635212
15,13,5,30,334.6917312
15,13,6,30,404.1472298
15,13,7,30,487.5027405
15,13,8,30,568.5117576
15,13,9,30,651.6363107
15,14,10,2,54.9747863
15,14,11,2,66.0942782
15,14,12,2,71.6835884
15,14,13,2,81.41932
15,14,14,2,93.3158648
15,14,15,2,116.2632307
15,14,16,2,2359.0383824
15,14,17,2,3164.4662803
15,14,2,2,14.235341
15,14,3,2,16.7194354
15,14,4,2,20.9320883
15,14,5,2,25.8863031
15,14,6,2,32.4532242
15,14,7,2,37.5479275
15,14,8,2,43.2823525
15,14,9,2,49.2669555
15,2,2,30,7.2647364
15,3,2,30,13.0452891
15,4,2,30,19.9752892
15,4,3,30,30.1358619
15,4,4,30,43.3192904
15,5,10,30,200.5922886
15,5,11,2,17.7946294
15,5,12,2,18.5630282
15,5,13,2,23.4579858
15,5,14,2,26.3982091
15,5,2,30,28.7605439
15,5,3,30,41.9253463
15,5,4,30,57.7998791
15,5,5,30,74.3453705
15,5,6,30,96.3805653
15,5,7,30,118.8762929
15,5,8,30,143.1755329
15,5,9,30,168.443987
15,6,10,30,253.0086237
15,6,11,2,20.4358116
15,6,12,2,23.9534989
15,6,13,2,27.1612912
15,6,14,2,35.1252666
15,6,15,2,41.5407801
15,6,16,2,732.9300346
15,6,2,30,40.8223053
15,6,3,30,56.5398347
15,6,4,30,74.6108693
15,6,5,30,96.7538023
15,6,6,30,124.2976083
15,6,7,30,152.713257
15,6,8,30,180.5000439
15,6,9,30,210.8899728
15,7,10,30,311.6831429
15,7,11,2,24.7398229
15,7,12,2,28.00928
15,7,13,2,30.9143153
15,7,14,2,37.2696984
15,7,15,2,46.1779079
15,7,16,2,930.1858971
15,7,17,2,1314.8492781
15,7,2,30,50.0604302
15,7,3,30,70.3278557
15,7,4,30,95.1049247
15,7,5,30,122.8664111
15,7,6,30,156.9655259
15,7,7,30,193.1799569
15,7,8,30,230.7463171
15,7,9,30,271.5579132
15,8,10,30,376.2643672
15,8,11,2,29.4757749
15,8,12,2,31.5301018
15,8,13,2,37.7714084
15,8,14,2,45.1448346
15,8,15,2,97.6132331
15,8,16,2,994.8556059
15,8,17,2,1492.3578462
15,8,2,30,69.9013902
15,8,3,30,90.4116579
15,8,4,30,118.9603935
15,8,5,30,153.4313153
15,8,6,30,188.13265
15,8,7,30,229.0977561
15,8,8,30,270.8235408
15,8,9,30,317.8531854
15,9,10,30,439.3810221
15,9,11,2,33.9090705
15,9,12,2,40.0238595
15,9,13,2,47.7882531
15,9,14,2,54.1844136
15,9,15,2,60.5678173
15,9,16,2,1080.5995933
15,9,17,2,1945.1245663
15,9,2,30,75.9430811
15,9,3,30,108.0558172
15,9,4,30,148.5440692
15,9,5,30,186.1567152
15,9,6,30,225.2829936
15,9,7,30,274.8903779
15,9,8,30,322.6223257
15,9,9,30,376.5427226
2,10,10,30,23.0271478
2,10,11,30,24.8835367
2,10,12,30,26.3564752
2,10,13,30,29.8428872
2,10,14,30,50.2521637
2,10,15,30,50.4614856
2,10,16,30,32.6556578
2,10,17,30,36.8268806
2,10,18,30,37.9325972
2,10,19,30,40.9532158
2,10,2,30,7.2092192
2,10,20,30,41.9702307
2,10,21,30,42.4403025
2,10,22,30,45.719525
2,10,23,30,48.0082103
2,10,24,30,47.9571467
2,10,25,30,52.7205561
2,10,26,30,52.1539607
2,10,27,30,58.3159878
2,10,28,30,55.6454949
2,10,29,30,59.805846
2,10,3,30,6.6054728
2,10,30,30,59.9343563
2,10,31,26,57.1364375
2,10,32,26,57.9592852
2,10,33,26,57.573156
2,10,34,26,60.1699903
2,10,35,26,61.2093126
2,10,36,26,62.9566836
2,10,37,26,64.9516002
2,10,38,26,66.53084
2,10,39,26,71.5912059
2,10,4,30,10.9805419
2,10,40,26,68.9728498
2,10,41,2,5.9476701
2,10,42,2,6.2562538
2,10,43,2,6.4442039
2,10,5,30,11.6423375
2,10,6,30,13.4724758
2,10,7,30,15.4479661
2,10,8,30,26.9734594
2,10,9,30,20.0297576
2,11,10,30,24.5674168
2,11,11,30,26.9273033
2,11,12,30,26.9685447
2,11,13,30,31.8432924
2,11,14,30,34.3888228
2,11,15,30,56.6144874
2,11,16,30,36.4159216
2,11,17,30,41.7773522
2,11,18,30,42.0771361
2,11,19,30,44.8320113
2,11,2,30,11.8366554
2,11,20,30,45.2795112
2,11,21,30,50.2312835
2,11,22,30,49.4262301
2,11,23,30,55.3723277
2,11,24,30,58.2047304
2,11,25,30,56.2454553
2,11,26,30,60.6843037
2,11,27,30,60.7700575
2,11,28,30,63.8994928
2,11,29,30,68.6354433
2,11,3,30,7.2565271
2,11,30,30,67.4553702
2,11,31,26,68.1838136
2,11,32,26,66.0884566
2,11,33,26,62.8474559
2,11,34,26,69.9568236
2,11,35,26,68.5095517
2,11,36,26,71.2100895
2,11,37,26,71.0990614
2,11,38,26,78.8551505
2,11,39,26,76.726955
2,11,4,30,9.0809956
2,11,40,26,87.3060613
2,11,41,2,6.3522834
2,11,42,2,6.5154014
2,11,43,2,7.1267515
2,11,44,2,7.355897
2,11,45,2,9.3025134
2,11,46,2,8.3499443
2,11,47,2,8.5128141
2,11,48,2,11.0963299
2,11,49,2,8.9697823
2,11,5,30,11.9310063
2,11,50,2,10.1370364
2,11,51,2,11.3722654
2,11,52,2,14.0073555
2,11,53,2,11.857049
2,11,54,2,11.6653223
2,11,6,30,16.5703697
2,11,7,30,15.8816124
2,11,8,30,19.4100231
2,11,9,30,20.3542998
2,12,10,30,25.4877167
2,12,11,30,26.7813934
2,12,12,30,31.4803523
2,12,13,30,34.8546875
2,12,14,30,36.7635596
2,12,15,30,37.449545
2,12,16,30,39.9048288
2,12,17,30,44.0734447
2,12,18,30,46.336654
2,12,19,30,58.5723591
2,12,2,30,13.5567738
2,12,20,30,52.7380171
2,12,21,30,51.8757741
2,12,22,30,75.8250123
2,12,23,30,58.8981343
2,12,24,30,64.6228535
2,12,25,30,61.7461978
2,12,26,30,64.819065
2,12,27,30,72.1989263
2,12,28,30,68.9258706
2,12,29,30,76.9461264
2,12,3,30,12.3644913
2,12,30,30,73.7504389
2,12,31,26,73.4742746
2,12,32,26,68.4920436
2,12,33,26,76.9877262
2,12,34,26,72.857582
2,12,35,26,80.695758
2,12,36,26,79.4440307
2,12,37,26,85.5557094
2,12,38,26,81.6277427
2,12,39,26,90.5191776
2,12,4,30,10.5471935
2,12,40,26,85.7698958
2,12,41,2,8.2125371
2,12,42,2,7.5761545
2,12,43,2,7.8894015
2,12,44,2,7.6691327
2,12,45,2,8.2307201
2,12,46,2,8.4315799
2,12,47,2,9.1731588
2,12,48,2,9.9005666
2,12,49,2,10.0003572
2,12,5,30,12.5056354
2,12,50,2,8.6004271
2,12,51,2,9.0142501
2,12,52,2,9.3950338
2,12,53,2,9.3981565
2,12,54,2,11.142496
2,12,55,2,10.2276002
2,12,56,2,9.9684959
2,12,57,2,10.7980934
2,12,58,2,11.0318249
2,12,59,2,12.5887062
2,12,6,30,14.7524618
2,12,60,2,11.4953439
2,12,61,2,11.5709405
2,12,62,2,10.5117039
2,12,63,2,11.1492284
2,12,64,2,10.5511063
2,12,65,2,11.3247621
2,12,66,2,12.0446544
2,12,67,2,11.1600492
2,12,68,2,12.4269303
2,12,69,2,12.5351142
2,12,7,30,17.2171743
2,12,70,2,11.9911514
2,12,71,2,12.6607454
2,12,72,2,12.8775374
2,12,73,2,15.1787834
2,12,74,2,12.9829882
2,12,75,2,13.995921
2,12,76,2,15.631246
2,12,77,2,14.539764
2,12,78,2,14.0810353
2,12,79,2,19.5560934
2,12,8,30,19.6268835
2,12,80,2,14.137167
2,12,9,30,22.108039
2,13,10,30,26.9919497
2,13,11,30,29.5399707
2,13,12,30,32.2324684
2,13,13,30,34.7073701
2,13,14,30,38.0724355
2,13,15,30,42.6298917
2,13,16,30,43.0720699
2,13,17,30,48.5029535
2,13,18,30,51.0493864
2,13,19,30,51.1682618
2,13,2,30,19.3460096
2,13,20,30,57.8365768
2,13,21,30,56.1856525
2,13,22,30,59.6418356
2,13,23,30,64.6551187
2,13,24,30,64.7020896
2,13,25,30,66.9116221
2,13,26,30,73.705299
2,13,27,30,75.2715591
2,13,28,30,81.1735779
2,13,29,30,77.471526
2,13,3,30,29.3834357
2,13,30,30,80.2488076
2,13,31,26,72.2656661
2,13,32,26,73.9631781
2,13,33,26,76.4753518
2,13,34,26,78.7882732
2,13,35,26,84.2779102
2,13,36,26,84.1084207
2,13,37,26,90.2425219
2,13,38,26,90.9382638
2,13,39,26,99.8740804
2,13,4,30,11.0834078
2,13,40,26,92.9310439
2,13,41,2,7.725503
2,13,42,2,7.742714
2,13,43,2,8.4131165
2,13,44,2,8.4262617
2,13,45,2,12.3584407
2,13,46,2,9.4431885
2,13,47,2,9.8715664
2,13,48,2,10.2078393
2,13,49,2,9.651015
2,13,5,30,13.9542407
2,13,50,2,9.6790908
2,13,51,2,10.3488579
2,13,52,2,10.301689
2,13,53,2,10.4768536
2,13,54,2,10.264407
2,13,55,2,10.9139909
2,13,56,2,10.9880446
2,13,57,2,12.1982044
2,13,58,2,12.201313
2,13,59,2,13.9596119
2,13,6,30,16.8453985
2,13,60,2,12.0204509
2,13,61,2,12.9463551
2,13,62,2,12.3549817
2,13,63,2,12.4201762
2,13,64,2,12.5226633
2,13,65,2,11.7965386
2,13,66,2,12.6753528
2,13,67,2,12.8592599
2,13,68,2,20.4131347
2,13,69,2,14.0499921
2,13,7,30,28.8511802
2,13,70,2,13.0330739
2,13,71,2,17.9357322
2,13,72,2,17.3194165
2,13,73,2,20.3231478
2,13,74,2,15.2550099
2,13,75,2,16.3253407
2,13,76,2,15.3493568
2,13,77,2,16.2056162
2,13,78,2,17.6928304
2,13,79,2,18.1207912
2,13,8,30,22.3048306
2,13,80,2,15.9923556
2,13,9,30,24.0419976
2,14,10,2,2.4690391
2,14,11,2,3.8760923
2,14,12,2,5.2483574
2,14,13,2,6.2432552
2,14,14,2,3.9953664
2,14,15,2,4.8723929
2,14,16,2,5.5592511
2,14,17,2,7.282812
2,14,18,2,6.9120997
2,14,19,2,5.7874532
2,14,2,2,0.7374853
2,14,20,2,7.0459406
2,14,21,2,4.2395595
2,14,22,2,4.4418127
2,14,23,2,4.6843987
2,14,24,2,4.8574096
2,14,25,2,5.0948275
2,14,26,2,5.1806925
2,14,27,2,5.4532417
2,14,28,2,5.7266746
2,14,29,2,5.8327988
2,14,3,2,1.1782575
2,14,30,2,6.2417747
2,14,31,2,6.1551492
2,14,32,2,6.3072168
2,14,33,2,6.6514372
2,14,34,2,7.1020091
2,14,35,2,7.0736676
2,14,36,2,7.2100606
2,14,37,2,7.4802431
2,14,38,2,7.7857571
2,14,39,2,7.9034423
2,14,4,2,1.542704
2,14,40,2,7.9567763
2,14,41,2,8.383509
2,14,42,2,8.7718638
2,14,43,2,8.9280243
2,14,44,2,8.9777058
2,14,45,2,9.2182525
2,14,46,2,9.5152668
2,14,47,2,9.5462466
2,14,48,2,9.9886924
2,14,49,2,9.5488325
2,14,5,2,2.0686974
2,14,50,2,9.7344269
2,14,51,2,9.9163363
2,14,52,2,10.1296219
2,14,53,2,10.3467423
2,14,54,2,10.479578
2,14,55,2,10.6891598
2,14,56,2,10.883493
2,14,57,2,11.124742
2,14,58,2,11.3034509
2,14,59,2,11.4650601
2,14,6,2,2.2868922
2,14,60,2,11.6711225
2,14,61,2,12.7061592
2,14,62,2,13.1952809
2,14,63,2,13.0981166
2,14,64,2,13.495087
2,14,65,2,13.4649502
2,14,66,2,14.3031473
2,14,67,2,14.3225412
2,14,68,2,14.3861161
2,14,69,2,14.6563123
2,14,7,2,2.5573429
2,14,70,2,14.6514582
2,14,71,2,14.7956372
2,14,72,2,14.9768406
2,14,73,2,15.2131239
2,14,74,2,15.703345
2,14,75,2,16.1791914
2,14,76,2,15.9728045
2,14,77,2,16.0805768
2,14,78,2,16.4576655
2,14,79,2,16.1461104
2,14,8,2,2.8015033
2,14,80,2,15.7497992
2,14,9,2,2.4616803
2,2,10,10,0.8428732
2,2,2,30,1.106444
2,2,3,30,1.0248457
2,2,4,22,0.7650752
2,2,5,22,0.9294457
2,2,6,10,0.5031106
2,2,7,10,0.5862124
2,2,8,10,0.6267318
2,2,9,10,0.7313645
2,3,10,10,1.6896335
2,3,2,30,2.1132747
2,3,3,30,1.9521348
2,3,4,22,1.5256717
2,3,5,22,1.8491934
2,3,6,10,1.0130798
2,3,7,10,1.0701075
2,3,8,10,1.2354654
2,3,9,10,1.4215063
2,4,10,10,2.4605095
2,4,2,30,2.9782415
2,4,3,30,2.8237237
2,4,4,30,3.0204577
2,4,5,30,3.748225
2,4,6,10,1.5174699
2,4,7,10,1.5935688
2,4,8,10,1.9524077
2,4,9,10,2.2069573
2,5,10,30,9.2198942
2,5,11,30,9.9549435
2,5,12,30,12.8257493
2,5,13,30,12.3035461
2,5,14,30,18.6538064
2,5,15,30,14.7622596
2,5,2,30,6.5852711
2,5,3,30,3.9178418
2,5,4,30,4.05519
2,5,5,30,4.8937548
2,5,6,30,6.9865714
2,5,7,30,7.0566018
2,5,8,30,7.2568138
2,5,9,30,8.4823415
2,6,10,30,11.9628454
2,6,11,30,13.1031438
2,6,12,30,13.384298
2,6,13,30,15.361785
2,6,14,30,17.4063611
2,6,15,30,18.0016991
2,6,16,30,19.4034975
2,6,17,30,19.697758
2,6,2,30,9.0160073
2,6,3,30,4.7770135
2,6,4,30,5.4523975
2,6,5,30,6.1871882
2,6,6,30,7.4090564
2,6,7,30,7.9496503
2,6,8,30,9.0409664
2,6,9,30,11.1282995
2,7,10,30,13.956639
2,7,11,30,14.9707191
2,7,12,30,17.3473796
2,7,13,30,18.8934229
2,7,14,30,18.8783442
2,7,15,30,22.1096334
2,7,16,30,22.2314296
2,7,17,30,23.838438
2,7,18,30,25.606212
2,7,19,30,27.1481188
2,7,2,30,4.573379
2,7,3,30,5.5586207
2,7,4,30,7.7046987
2,7,5,30,9.0238715
2,7,6,30,8.1859514
2,7,7,30,10.1526219
2,7,8,30,10.7948555
2,7,9,30,13.0016365
2,8,10,30,15.5490349
2,8,11,30,17.1280868
2,8,12,30,20.2263835
2,8,13,30,21.9359408
2,8,14,30,23.7083228
2,8,15,30,25.6096043
2,8,16,30,27.1849837
2,8,17,30,28.6222996
2,8,18,30,29.9069084
2,8,19,30,31.7645493
2,8,2,30,3.6988331
2,8,20,30,31.8059697
2,8,21,30,35.4592737
2,8,22,30,36.3033414
2,8,23,30,38.2173369
2,8,24,30,40.2035898
2,8,25,30,39.7329625
2,8,26,30,42.0823963
2,8,27,30,46.6992885
2,8,28,30,43.8947201
2,8,29,30,48.1865505
2,8,3,30,5.5588797
2,8,30,30,47.7030404
2,8,31,26,43.4663623
2,8,4,30,9.5783198
2,8,5,30,9.2598877
2,8,6,30,11.8467268
2,8,7,30,11.7363676
2,8,8,30,13.1392419
2,8,9,30,14.8965073
2,9,10,30,18.2305065
2,9,11,30,20.5380398
2,9,12,30,23.8791977
2,9,13,30,25.9740171
2,9,14,30,27.4210266
2,9,15,30,27.6008366
2,9,16,30,31.1430431
2,9,17,30,31.2797829
2,9,18,30,52.9061117
2,9,19,30,34.5855234
2,9,2,30,4.113443
2,9,20,30,38.1682852
2,9,21,30,45.8579135
2,9,22,30,40.0068135
2,9,23,30,44.6466321
2,9,24,30,43.3370297
2,9,25,30,45.0836431
2,9,26,30,49.5466304
2,9,27,30,51.3816306
2,9,28,30,54.6226064
2,9,29,30,52.2965221
2,9,3,30,5.9277354
2,9,30,30,55.3736845
2,9,31,26,50.3404473
2,9,32,26,50.8428158
2,9,33,26,52.4682016
2,9,34,26,52.513077
2,9,35,26,57.7129266
2,9,36,26,63.8030383
2,9,37,26,60.3637993
2,9,4,30,7.8379895
2,9,5,30,10.0714414
2,9,6,30,11.6965751
2,9,7,30,12.8058961
2,9,8,30,14.9783713
2,9,9,30,16.3398613
3,10,10,30,23.3496727
3,10,11,30,25.6488077
3,10,12,30,27.7175479
3,10,13,30,47.1271067
3,10,14,30,49.1270279
3,10,15,30,54.8715018
3,10,16,30,33.5582465
3,10,17,30,38.440987
3,10,18,30,38.8311342
3,10,19,30,40.4636043
3,10,2,30,7.0840756
3,10,20,30,63.7380434
3,10,21,30,43.5448011
3,10,22,30,48.0857803
3,10,23,30,48.4090255
3,10,24,30,49.8760289
3,10,25,30,55.3296441
3,10,26,30,54.3378343
3,10,27,30,60.2282497
3,10,28,30,58.6334776
3,10,29,30,60.9673338
3,10,3,30,6.6367027
3,10,30,30,92.9967747
3,10,31,26,56.4157689
3,10,32,26,59.0387824
3,10,33,26,78.6207558
3,10,34,26,63.4189268
3,10,35,26,86.1750869
3,10,36,26,66.7077454
3,10,37,26,70.6695209
3,10,38,26,70.6152566
3,10,39,26,73.6319739
3,10,4,30,10.4504361
3,10,40,26,74.635831
3,10,41,2,6.3293015
3,10,42,2,6.604241
3,10,43,2,6.6807597
3,10,5,30,12.0058303
3,10,6,30,14.0138393
3,10,7,30,16.3165413
3,10,8,30,19.2729748
3,10,9,30,20.8247282
3,11,10,30,23.8307275
3,11,11,30,27.9786709
3,11,12,30,27.6466509
3,11,13,30,31.5050998
3,11,14,30,36.0164057
3,11,15,30,49.034481
3,11,16,30,37.0383046
3,11,17,30,39.8867107
3,11,18,30,43.3124215
3,11,19,30,44.3429449
3,11,2,30,13.0812038
3,11,20,30,46.3475701
3,11,21,30,52.0976423
3,11,22,30,51.2364803
3,11,23,30,56.6774428
3,11,24,30,61.712659
3,11,25,30,59.1202648
3,11,26,30,65.691422
3,11,27,30,63.4765801
3,11,28,30,66.9646257
3,11,29,30,80.2221574
3,11,3,30,9.9478834
3,11,30,30,70.5513556
3,11,31,26,68.2182919
3,11,32,26,68.9319358
3,11,33,26,66.8400023
3,11,34,26,73.2462942
3,11,35,26,71.2278449
3,11,36,26,77.2833806
3,11,37,26,76.6124706
3,11,38,26,82.9753452
3,11,39,26,80.5395191
3,11,4,30,13.6717868
3,11,40,26,88.4464943
3,11,41,2,6.7659428
3,11,42,2,6.9304588
3,11,43,2,7.701818
3,11,44,2,7.7504449
3,11,45,2,8.9795189
3,11,46,2,8.3149869
3,11,47,2,9.0391875
3,11,48,2,10.5824527
3,11,49,2,9.4741467
3,11,5,30,12.4240654
3,11,50,2,10.3759712
3,11,51,2,11.5213597
3,11,52,2,14.4718893
3,11,53,2,11.7667625
3,11,54,2,10.8201951
3,11,6,30,14.9040353
3,11,7,30,16.1232627
3,11,8,30,19.5698448
3,11,9,30,20.8352547
3,12,10,30,25.5743817
3,12,11,30,27.5176907
3,12,12,30,31.9174012
3,12,13,30,35.1203807
3,12,14,30,35.6281261
3,12,15,30,37.930448
3,12,16,30,40.5525443
3,12,17,30,45.4484271
3,12,18,30,47.242203
3,12,19,30,51.5120549
3,12,2,30,13.9656328
3,12,20,30,51.292941
3,12,21,30,53.425905
3,12,22,30,60.6472315
3,12,23,30,59.0784024
3,12,24,30,61.8726911
3,12,25,30,65.1665588
3,12,26,30,67.6780178
3,12,27,30,74.0408249
3,12,28,30,72.6148017
3,12,29,30,78.6781705
3,12,3,30,12.6095619
3,12,30,30,77.644291
3,12,31,26,76.3272504
3,12,32,26,72.6067428
3,12,33,26,81.5903398
3,12,34,26,77.1564122
3,12,35,26,86.7218036
3,12,36,26,82.4386763
3,12,37,26,91.0287961
3,12,38,26,87.318992
3,12,39,26,96.9006569
3,12,4,30,11.0232846
3,12,40,26,92.2288951
3,12,41,2,10.6252139
3,12,42,2,7.8651869
3,12,43,2,7.969696
3,12,44,2,8.1297858
3,12,45,2,8.7252881
3,12,46,2,8.9756363
3,12,47,2,9.3796098
3,12,48,2,10.1761602
3,12,49,2,11.200388
3,12,5,30,12.8195067
3,12,50,2,9.3846984
3,12,51,2,9.835972
3,12,52,2,10.0863737
3,12,53,2,10.1714599
3,12,54,2,13.1920639
3,12,55,2,10.6190492
3,12,56,2,10.9178874
3,12,57,2,11.9141982
3,12,58,2,11.2913891
3,12,59,2,14.7411761
3,12,6,30,15.620453
3,12,60,2,11.9409567
3,12,61,2,12.5077301
3,12,62,2,12.2892339
3,12,63,2,12.4736314
3,12,64,2,11.6129996
3,12,65,2,12.5969407
3,12,66,2,12.7561624
3,12,67,2,12.2523427
3,12,68,2,13.325696
3,12,69,2,13.5698488
3,12,7,30,17.544646
3,12,70,2,16.2083337
3,12,71,2,13.9003537
3,12,72,2,13.6068349
3,12,73,2,17.5839671
3,12,74,2,14.8418825
3,12,75,2,14.1687494
3,12,76,2,14.9514157
3,12,77,2,15.2183566
3,12,78,2,15.5231198
3,12,79,2,18.171444
3,12,8,30,20.0579001
3,12,80,2,16.6100885
3,12,9,30,22.4609336
3,13,10,30,27.3459921
3,13,11,30,30.0823721
3,13,12,30,42.3250344
3,13,13,30,35.7758387
3,13,14,30,38.696601
3,13,15,30,45.0670536
3,13,16,30,61.5117841
3,13,17,30,46.9722108
3,13,18,30,53.4654201
3,13,19,30,52.7607786
3,13,2,30,20.0523795
3,13,20,30,55.5661865
3,13,21,30,87.9243904
3,13,22,30,61.9298301
3,13,23,30,68.9160331
3,13,24,30,68.0980275
3,13,25,30,69.9075597
3,13,26,30,76.9337435
3,13,27,30,75.4589084
3,13,28,30,78.830216
3,13,29,30,81.7150071
3,13,3,30,30.7496055
3,13,30,30,84.4139994
3,13,31,26,76.2505557
3,13,32,26,78.7448965
3,13,33,26,81.3334344
3,13,34,26,83.4382837
3,13,35,26,88.2502618
3,13,36,26,88.7608491
3,13,37,26,93.4005207
3,13,38,26,94.4795826
3,13,39,26,97.5929686
3,13,4,30,11.3255723
3,13,40,26,100.1511959
3,13,41,2,8.2961456
3,13,42,2,8.1824216
3,13,43,2,9.1342336
3,13,44,2,8.8110841
3,13,45,2,14.8366347
3,13,46,2,9.4838096
3,13,47,2,10.5368282
3,13,48,2,10.7989655
3,13,49,2,10.2371092
3,13,5,30,14.06813
3,13,50,2,10.518849
3,13,51,2,11.1802642
3,13,52,2,16.5295742
3,13,53,2,11.1636354
3,13,54,2,10.8866435
3,13,55,2,11.9377379
3,13,56,2,11.4484571
3,13,57,2,17.2198296
3,13,58,2,12.1286647
3,13,59,2,12.8587574
3,13,6,30,16.8608713
3,13,60,2,12.990743
3,13,61,2,13.4453117
3,13,62,2,13.183002
3,13,63,2,13.5011073
3,13,64,2,13.5147737
3,13,65,2,20.9698274
3,13,66,2,14.3118367
3,13,67,2,13.6030296
3,13,68,2,17.7072875
3,13,69,2,14.9595658
3,13,7,30,29.491221
3,13,70,2,14.4938378
3,13,71,2,15.4014785
3,13,72,2,17.2516633
3,13,73,2,18.2150026
3,13,74,2,16.5770534
3,13,75,2,16.2699954
3,13,76,2,17.0658655
3,13,77,2,16.1636037
3,13,78,2,23.6994724
3,13,79,2,20.4294049
3,13,8,30,22.9520364
3,13,80,2,17.517762
3,13,9,30,24.836046
3,14,10,2,3.2587791
3,14,11,2,4.2272415
3,14,12,2,4.1671568
3,14,13,2,3.5567751
3,14,14,2,4.3213592
3,14,15,2,4.0139048
3,14,16,2,3.9766805
3,14,17,2,4.378343
3,14,18,2,4.7017218
3,14,19,2,4.9151742
3,14,2,2,0.5351338
3,14,20,2,5.2732117
3,14,21,2,4.437364
3,14,22,2,4.6529836
3,14,23,2,4.8470913
3,14,24,2,5.1365526
3,14,25,2,5.3478821
3,14,26,2,5.2575425
3,14,27,2,5.3741163
3,14,28,2,5.6246662
3,14,29,2,5.8340904
3,14,3,2,0.7690078
3,14,30,2,6.0242806
3,14,31,2,6.2686549
3,14,32,2,6.4348928
3,14,33,2,6.7363638
3,14,34,2,6.8969961
3,14,35,2,7.1328456
3,14,36,2,7.3253468
3,14,37,2,7.5347314
3,14,38,2,7.7598243
3,14,39,2,7.9766456
3,14,4,2,1.1986559
3,14,40,2,8.167454
3,14,41,2,8.7453306
3,14,42,2,8.9095989
3,14,43,2,9.146481
3,14,44,2,9.366205
3,14,45,2,9.4261569
3,14,46,2,9.6790085
3,14,47,2,9.9032829
3,14,48,2,10.2302776
3,14,49,2,10.382728
3,14,5,2,1.6952307
3,14,50,2,10.5358711
3,14,51,2,10.7891956
3,14,52,2,11.1266317
3,14,53,2,11.3160902
3,14,54,2,11.4712161
3,14,55,2,11.716048
3,14,56,2,12.0074056
3,14,57,2,12.2242715
3,14,58,2,12.3721176
3,14,59,2,12.6680907
3,14,6,2,2.3589701
3,14,60,2,12.901951
3,14,61,2,13.2836058
3,14,62,2,13.4515616
3,14,63,2,13.6898683
3,14,64,2,13.9012187
3,14,65,2,14.1939105
3,14,66,2,14.370569
3,14,67,2,14.6570663
3,14,68,2,14.827441
3,14,69,2,15.1254597
3,14,7,2,2.7392922
3,14,70,2,15.325841
3,14,71,2,15.6010586
3,14,72,2,15.7557595
3,14,73,2,16.0493657
3,14,74,2,16.3448143
3,14,75,2,16.5543052
3,14,76,2,16.8026383
3,14,77,2,16.9987079
3,14,78,2,17.2434532
3,14,79,2,17.5249426
3,14,8,2,2.7947767
3,14,80,2,17.7727663
3,14,9,2,2.9838005
3,2,10,10,0.8293064
3,2,2,30,1.6848659
3,2,3,30,1.2138289
3,2,4,22,1.0371994
3,2,5,22,0.9894654
3,2,6,10,0.5046463
3,2,7,10,0.5749078
3,2,8,10,0.6694843
3,2,9,10,0.790019
3,3,10,10,1.6181003
3,3,2,30,3.5951195
3,3,3,30,2.3903176
3,3,4,22,1.9189521
3,3,5,22,1.9746382
3,3,6,10,0.974502
3,3,7,10,1.1422441
3,3,8,10,1.3104658
3,3,9,10,1.5373265
3,4,10,10,2.3882686
3,4,2,30,4.3779252
3,4,3,30,2.7060818
3,4,4,30,3.7932778
3,4,5,30,3.8316361
3,4,6,10,1.4239247
3,4,7,10,1.6624139
3,4,8,10,1.939876
3,4,9,10,2.2816232
3,5,10,30,9.3396961
3,5,11,30,10.1742962
3,5,12,30,12.940159
3,5,13,30,15.5976757
3,5,14,30,16.4929797
3,5,15,30,15.0503973
3,5,2,30,4.3050134
3,5,3,30,4.2581965
3,5,4,30,4.9356612
3,5,5,30,5.02683
3,5,6,30,6.8563347
3,5,7,30,8.1982322
3,5,8,30,7.4206849
3,5,9,30,8.612804
3,6,10,30,12.2606933
3,6,11,30,13.701014
3,6,12,30,13.7683355
3,6,13,30,16.022373
3,6,14,30,17.4574893
3,6,15,30,18.7784141
3,6,16,30,20.2234871
3,6,17,30,25.5539866
3,6,2,30,6.2062631
3,6,3,30,4.8735341
3,6,4,30,6.4809639
3,6,5,30,7.3323386
3,6,6,30,7.3633821
3,6,7,30,8.1243452
3,6,8,30,9.2336755
3,6,9,30,11.1891236
3,7,10,30,18.1075807
3,7,11,30,15.4144988
3,7,12,30,18.3233331
3,7,13,30,19.5831988
3,7,14,30,25.2084394
3,7,15,30,22.0173343
3,7,16,30,22.4663223
3,7,17,30,24.6737045
3,7,18,30,26.1236185
3,7,19,30,27.9566844
3,7,2,30,4.2684205
3,7,3,30,5.7857157
3,7,4,30,7.6574698
3,7,5,30,8.7213325
3,7,6,30,10.9515981
3,7,7,30,12.498764
3,7,8,30,14.5741859
3,7,9,30,16.4616329
3,8,10,30,15.9851668
3,8,11,30,17.7451816
3,8,12,30,20.7769578
3,8,13,30,22.257645
3,8,14,30,25.0050101
3,8,15,30,26.3796821
3,8,16,30,28.0877929
3,8,17,30,28.9163695
3,8,18,30,30.9029493
3,8,19,30,32.1332045
3,8,2,30,3.9808387
3,8,20,30,32.7449909
3,8,21,30,36.3308292
3,8,22,30,37.6688205
3,8,23,30,38.1011252
3,8,24,30,42.2778025
3,8,25,30,41.539364
3,8,26,30,43.2513563
3,8,27,30,47.6346136
3,8,28,30,46.0981835
3,8,29,30,50.8485291
3,8,3,30,5.4618229
3,8,30,30,49.9663476
3,8,31,26,45.8580135
3,8,4,30,7.8085906
3,8,5,30,9.5300964
3,8,6,30,11.1573929
3,8,7,30,12.5202734
3,8,8,30,12.8139193
3,8,9,30,15.0001588
3,9,10,30,18.6838849
3,9,11,30,20.901875
3,9,12,30,24.2042821
3,9,13,30,26.3722383
3,9,14,30,28.1414521
3,9,15,30,27.9268407
3,9,16,30,31.5999584
3,9,17,30,31.4994192
3,9,18,30,49.2709833
3,9,19,30,35.4049437
3,9,2,30,4.1426853
3,9,20,30,39.5864528
3,9,21,30,42.1932083
3,9,22,30,41.170003
3,9,23,30,46.4611709
3,9,24,30,44.7875496
3,9,25,30,46.8447677
3,9,26,30,52.4428266
3,9,27,30,50.7475054
3,9,28,30,57.1023785
3,9,29,30,54.6363722
3,9,3,30,6.0126135
3,9,30,30,56.7471258
3,9,31,26,52.7213517
3,9,32,26,52.6760754
3,9,33,26,54.0317137
3,9,34,26,55.4170151
3,9,35,26,58.2135112
3,9,36,26,59.7808531
3,9,4,30,8.3857019
3,9,5,30,10.3250139
3,9,6,30,12.174096
3,9,7,30,18.104951
3,9,8,30,14.9183734
3,9,9,30,16.602806
4,10,10,30,25.1462202
4,10,11,30,27.2677488
4,10,12,30,35.2997217
4,10,13,30,36.0852714
4,10,14,30,37.1854698
4,10,15,30,45.1413568
4,10,16,30,36.6192356
4,10,17,30,41.9055891
4,10,18,30,43.862553
4,10,19,30,43.8867421
4,10,2,30,7.0629682
4,10,20,30,56.176213
4,10,21,8,13.0278129
4,10,22,8,14.3546762
4,10,23,8,20.7691425
4,10,24,8,15.2571126
4,10,25,8,16.8999423
4,10,26,6,12.3549205
4,10,27,6,13.8083952
4,10,28,6,13.4003218
4,10,29,6,14.0693301
4,10,3,30,7.3111711
4,10,30,6,17.087143
4,10,31,6,15.1214163
4,10,32,6,15.9437946
4,10,33,6,17.783089
4,10,34,6,16.9540832
4,10,35,6,22.2626524
4,10,36,6,18.0573914
4,10,37,6,18.5913227
4,10,38,6,19.1648797
4,10,39,6,20.4071509
4,10,4,30,10.375958
4,10,40,6,20.2784223
4,10,41,2,7.3323302
4,10,42,2,7.6131884
4,10,5,30,11.5823678
4,10,6,30,14.6819543
4,10,7,30,17.0857449
4,10,8,30,19.9510447
4,10,9,30,21.9343099
4,11,10,30,25.4424008
4,11,11,30,29.9349326
4,11,12,30,29.9500421
4,11,13,30,33.1678252
4,11,14,30,38.6766479
4,11,15,30,41.7486956
4,11,16,30,40.8134095
4,11,17,30,43.8791459
4,11,18,30,49.7353794
4,11,19,30,49.1818372
4,11,2,30,12.0419743
4,11,20,30,52.1064441
4,11,21,8,14.7338586
4,11,22,8,15.4038598
4,11,23,8,16.2678803
4,11,24,8,18.4046876
4,11,25,8,18.09038
4,11,26,6,15.1830483
4,11,27,6,14.565867
4,11,28,6,15.2385279
4,11,29,6,16.9479281
4,11,3,30,11.9628528
4,11,30,6,16.3670052
4,11,31,6,17.9706394
4,11,32,6,18.4321031
4,11,33,6,18.0114256
4,11,34,6,19.8154913
4,11,35,6,19.3751464
4,11,36,6,20.2250352
4,11,37,6,20.8560657
4,11,38,6,22.4232078
4,11,39,6,21.9991728
4,11,4,30,14.6498151
4,11,40,6,23.8769737
4,11,41,2,7.9994622
4,11,42,2,9.5982121
4,11,43,2,8.5245083
4,11,44,2,9.2222792
4,11,45,2,9.4425638
4,11,46,2,9.6330683
4,11,47,2,11.8346346
4,11,48,2,11.6967471
4,11,49,2,11.1511903
4,11,5,30,12.9719843
4,11,50,2,12.6135632
4,11,51,2,12.4032454
4,11,52,2,13.5186203
4,11,53,2,14.2099932
4,11,54,2,12.7598749
4,11,6,30,16.3307677
4,11,7,30,17.2425091
4,11,8,30,19.8880789
4,11,9,30,22.2342648
4,12,10,30,27.4221174
4,12,11,30,29.9464747
4,12,12,30,34.279569
4,12,13,30,38.2075787
4,12,14,30,55.8789675
4,12,15,30,41.81039
4,12,16,30,45.0058556
4,12,17,30,50.4932591
4,12,18,30,52.9929514
4,12,19,30,58.5228724
4,12,2,30,13.4607641
4,12,20,30,57.1971166
4,12,21,8,16.1021562
4,12,22,8,18.2742093
4,12,23,8,17.7501832
4,12,24,8,18.7758985
4,12,25,8,20.0255025
4,12,26,6,15.5332512
4,12,27,6,16.8678733
4,12,28,6,16.7000628
4,12,29,6,17.4623388
4,12,3,30,9.3167269
4,12,30,6,18.2000779
4,12,31,6,19.1188553
4,12,32,6,19.8043195
4,12,33,6,21.6772391
4,12,34,6,20.8204517
4,12,35,6,23.0516936
4,12,36,6,22.406212
4,12,37,6,24.2619121
4,12,38,6,23.9014931
4,12,39,6,26.8137452
4,12,4,30,11.766008
4,12,40,6,25.4440255
4,12,41,2,11.5027926
4,12,42,2,9.6286138
4,12,43,2,10.26143
4,12,44,2,9.5527538
4,12,45,2,10.3292364
4,12,46,2,10.5718436
4,12,47,2,11.0431439
4,12,48,2,11.7525711
4,12,49,2,12.4709836
4,12,5,30,13.6440786
4,12,50,2,11.3512436
4,12,51,2,11.680653
4,12,52,2,12.0543145
4,12,53,2,12.4511194
4,12,54,2,15.0687225
4,12,55,2,12.9754799
4,12,56,2,13.3908444
4,12,57,2,14.7173605
4,12,58,2,13.9990617
4,12,59,2,16.8206328
4,12,6,30,17.8279596
4,12,60,2,14.7719317
4,12,61,2,14.7674097
4,12,62,2,14.6853481
4,12,63,2,15.2877938
4,12,64,2,14.7389872
4,12,65,2,15.4989095
4,12,66,2,16.1490518
4,12,67,2,19.2059543
4,12,68,2,16.6506354
4,12,69,2,16.9343245
4,12,7,30,18.8450592
4,12,70,2,19.1131789
4,12,71,2,17.4597758
4,12,72,2,17.6134333
4,12,73,2,20.3809829
4,12,74,2,18.5131657
4,12,75,2,18.832188
4,12,76,2,19.0032339
4,12,77,2,19.3843768
4,12,78,2,20.0172335
4,12,79,2,20.9695634
4,12,8,30,30.0570152
4,12,80,2,21.3616173
4,12,9,30,24.3011026
4,13,10,30,44.7896448
4,13,11,30,33.1742652
4,13,12,30,38.777411
4,13,13,30,39.4116311
4,13,14,30,42.719801
4,13,15,30,47.697035
4,13,16,30,52.7893772
4,13,17,30,52.9929064
4,13,18,30,79.190589
4,13,19,30,59.2647632
4,13,2,30,20.9423364
4,13,20,30,62.7027724
4,13,21,8,21.0864957
4,13,22,8,20.4053151
4,13,23,8,19.5553846
4,13,24,8,20.4948447
4,13,25,8,21.4422909
4,13,26,6,17.5864644
4,13,27,6,17.8711842
4,13,28,6,18.2593117
4,13,29,6,18.9662032
4,13,3,30,31.0605086
4,13,30,6,19.7760285
4,13,31,6,20.5650963
4,13,32,6,21.3764042
4,13,33,6,22.0133579
4,13,34,6,22.6448069
4,13,35,6,23.6537472
4,13,36,6,24.2651706
4,13,37,6,25.7096071
4,13,38,6,25.8635964
4,13,39,6,27.0357702
4,13,4,30,12.1214785
4,13,40,6,27.5350571
4,13,41,2,9.9422608
4,13,42,2,9.9468216
4,13,43,2,10.8426303
4,13,44,2,10.5330429
4,13,45,2,12.741588
4,13,46,2,11.5602073
4,13,47,2,15.3386005
4,13,48,2,12.6665452
4,13,49,2,12.1907245
4,13,5,30,15.119191
4,13,50,2,12.746223
4,13,51,2,13.3361462
4,13,52,2,20.2684305
4,13,53,2,13.5007774
4,13,54,2,13.409298
4,13,55,2,14.108728
4,13,56,2,14.0259228
4,13,57,2,19.3856731
4,13,58,2,14.9265076
4,13,59,2,17.22867
4,13,6,30,17.8398052
4,13,60,2,15.7337538
4,13,61,2,16.2584392
4,13,62,2,22.1989901
4,13,63,2,17.0828865
4,13,64,2,17.1456544
4,13,65,2,19.567122
4,13,66,2,17.4944412
4,13,67,2,17.1382734
4,13,68,2,18.4382091
4,13,69,2,18.872199
4,13,7,30,25.2659164
4,13,70,2,18.337711
4,13,71,2,19.7506252
4,13,72,2,21.2895075
4,13,73,2,20.8112423
4,13,74,2,20.6941455
4,13,75,2,21.3209498
4,13,76,2,21.1469401
4,13,77,2,21.5688362
4,13,78,2,37.0742267
4,13,79,2,24.1417243
4,13,8,30,23.8917006
4,13,80,2,22.8881958
4,13,9,30,27.2856031
4,14,10,2,2.8715076
4,14,11,2,3.0451003
4,14,12,2,3.0833732
4,14,13,2,3.030399
4,14,14,2,3.4126998
4,14,15,2,3.5577401
4,14,16,2,3.7963796
4,14,17,2,4.0513492
4,14,18,2,4.2826783
4,14,19,2,4.5545969
4,14,2,2,0.6666217
4,14,20,2,4.6135759
4,14,21,2,4.7689742
4,14,22,2,5.030447
4,14,23,2,5.2783587
4,14,24,2,5.6062523
4,14,25,2,5.8210561
4,14,26,2,6.0370668
4,14,27,2,6.3378012
4,14,28,2,6.6132811
4,14,29,2,6.8524216
4,14,3,2,1.0779165
4,14,30,2,7.1059495
4,14,31,2,7.404199
4,14,32,2,7.6949009
4,14,33,2,7.9197309
4,14,34,2,8.2002197
4,14,35,2,8.4916588
4,14,36,2,8.7593017
4,14,37,2,8.9997599
4,14,38,2,9.3263521
4,14,39,2,9.6565185
4,14,4,2,1.5484866
4,14,40,2,9.966545
4,14,41,2,10.4428384
4,14,42,2,10.7729154
4,14,43,2,11.1638532
4,14,44,2,11.34202
4,14,45,2,11.6882409
4,14,46,2,11.8840523
4,14,47,2,12.2628833
4,14,48,2,12.5786914
4,14,49,2,12.915024
4,14,5,2,1.6815463
4,14,50,2,13.224518
4,14,51,2,13.5256419
4,14,52,2,13.7245716
4,14,53,2,14.1575461
4,14,54,2,14.4487356
4,14,55,2,14.7474151
4,14,56,2,15.1476776
4,14,57,2,15.4593567
4,14,58,2,15.7233974
4,14,59,2,16.2148208
4,14,6,2,1.7292271
4,14,60,2,16.4089407
4,14,61,2,16.9465807
4,14,62,2,17.1200356
4,14,63,2,17.5635653
4,14,64,2,17.9700411
4,14,65,2,18.2784441
4,14,66,2,18.156199
4,14,67,2,18.5011058
4,14,68,2,18.8153174
4,14,69,2,19.2771395
4,14,7,2,2.3004307
4,14,70,2,19.5996587
4,14,71,2,20.0383638
4,14,72,2,20.4418901
4,14,73,2,20.7870682
4,14,74,2,21.0991787
4,14,75,2,21.4680107
4,14,76,2,21.8240354
4,14,77,2,22.395211
4,14,78,2,22.6961478
4,14,79,2,23.1967918
4,14,8,2,2.6002765
4,14,80,2,23.5805394
4,14,9,2,2.3915288
4,2,10,10,0.9172938
4,2,2,25,0.6646001
4,2,3,25,0.7541581
4,2,4,22,0.9368482
4,2,5,22,1.1466627
4,2,6,10,0.6038715
4,2,7,10,0.6941143
4,2,8,10,0.7251029
4,2,9,10,0.8674428
4,3,10,10,1.7635276
4,3,2,25,1.1912418
4,3,3,25,1.4228183
4,3,4,22,1.8380906
4,3,5,22,2.3271634
4,3,6,10,1.1310152
4,3,7,10,1.3310546
4,3,8,10,1.3878351
4,3,9,10,1.6169955
4,4,10,10,2.5152521
4,4,2,30,1.8872576
4,4,3,30,2.5893963
4,4,4,30,3.522816
4,4,5,30,4.0246025
4,4,6,10,1.6181692
4,4,7,10,1.9112717
4,4,8,10,1.9946787
4,4,9,10,2.3400806
4,5,10,30,9.8573134
4,5,11,30,10.8874098
4,5,12,30,14.4352442
4,5,13,30,15.9725049
4,5,14,30,16.6996657
4,5,15,30,16.4057124
4,5,2,30,2.842198
4,5,3,30,3.578731
4,5,4,30,4.4848237
4,5,5,30,5.4467647
4,5,6,30,7.1479306
4,5,7,30,8.7803199
4,5,8,30,8.9705838
4,5,9,30,9.2939894
4,6,10,30,12.5465478
4,6,11,30,14.5962283
4,6,12,30,14.7852106
4,6,13,30,17.1356055
4,6,14,30,18.6523559
4,6,15,30,20.3439198
4,6,16,30,21.9850137
4,6,17,30,28.5569712
4,6,2,30,4.3753894
4,6,3,30,4.5060986
4,6,4,30,6.0026187
4,6,5,30,7.3773627
4,6,6,30,7.7899142
4,6,7,30,8.8300747
4,6,8,30,9.6896305
4,6,9,30,11.4264199
4,7,10,30,16.9069995
4,7,11,30,16.2539159
4,7,12,30,19.7330899
4,7,13,30,20.996383
4,7,14,30,23.1299516
4,7,15,30,23.0404026
4,7,16,30,24.5081869
4,7,17,30,26.8964212
4,7,18,30,28.7200224
4,7,19,30,30.8018904
4,7,2,30,4.5925396
4,7,3,30,5.3634564
4,7,4,30,7.6273207
4,7,5,30,7.9321096
4,7,6,30,12.2266687
4,7,7,30,12.9908572
4,7,8,30,14.1552214
4,7,9,30,15.5170287
4,8,10,30,17.4429245
4,8,11,30,18.746436
4,8,12,30,21.9836933
4,8,13,30,22.9198742
4,8,14,30,26.8740463
4,8,15,30,28.2870323
4,8,16,30,30.31892
4,8,17,30,31.7413727
4,8,18,30,33.7773166
4,8,19,30,35.5585836
4,8,2,30,3.8637782
4,8,20,30,35.8772263
4,8,21,8,10.4461575
4,8,22,8,10.6945966
4,8,23,8,11.1698869
4,8,24,8,12.5321999
4,8,25,8,15.0646245
4,8,26,6,9.6463142
4,8,27,6,10.5843946
4,8,28,6,10.3969814
4,8,29,6,11.5814148
4,8,3,30,5.8746122
4,8,30,6,11.311761
4,8,31,6,11.8996379
4,8,4,30,8.2994376
4,8,5,30,9.6676215
4,8,6,30,10.7426065
4,8,7,30,12.6497463
4,8,8,30,13.5596151
4,8,9,30,15.3929724
4,9,10,30,19.6638387
4,9,11,30,21.9334579
4,9,12,30,26.2697712
4,9,13,30,28.5713381
4,9,14,30,31.2609577
4,9,15,30,30.2597846
4,9,16,30,34.7277317
4,9,17,30,34.3450503
4,9,18,30,41.5105318
4,9,19,30,38.9662583
4,9,2,30,4.414996
4,9,20,30,41.6118016
4,9,21,8,12.6298118
4,9,22,8,12.1738759
4,9,23,8,13.7850571
4,9,24,8,17.0099289
4,9,25,8,14.0403543
4,9,26,6,11.693318
4,9,27,6,11.4812584
4,9,28,6,12.0569325
4,9,29,6,12.4424396
4,9,3,30,6.4479985
4,9,30,6,12.9874146
4,9,31,6,16.8752922
4,9,32,6,13.949213
4,9,33,6,14.3841859
4,9,34,6,14.8472378
4,9,35,6,15.4409081
4,9,36,6,15.9665567
4,9,4,30,8.964371
4,9,5,30,10.8424815
4,9,6,30,12.9321932
4,9,7,30,18.8462466
4,9,8,30,15.7259631
4,9,9,30,17.6498263
5,10,10,30,28.6614904
5,10,11,30,31.1931033
5,10,12,30,39.664274
5,10,13,30,38.6600688
5,10,14,30,41.4728337
5,10,15,30,44.7901886
5,10,16,30,44.2582329
5,10,17,30,48.5774476
5,10,18,30,51.0045799
5,10,19,30,54.1133223
5,10,2,30,5.6228219
5,10,20,30,59.7307909
5,10,21,8,16.1064965
5,10,22,8,17.7398858
5,10,23,8,20.8009767
5,10,24,8,18.9360622
5,10,25,8,20.9374902
5,10,26,6,15.81674
5,10,27,6,17.3692069
5,10,28,6,23.5431486
5,10,29,6,18.1724467
5,10,3,30,7.8817326
5,10,30,6,19.6244442
5,10,31,6,22.4484343
5,10,32,6,20.5575334
5,10,33,6,22.3195511
5,10,34,6,22.0420237
5,10,35,6,25.4487904
5,10,36,6,23.7949736
5,10,37,6,24.6157703
5,10,38,6,29.9014054
5,10,39,6,26.7247941
5,10,4,30,11.1525424
5,10,40,6,27.1392167
5,10,41,2,9.7364089
5,10,42,2,10.1894146
5,10,5,30,18.6258751
5,10,6,30,16.72186
5,10,7,30,28.4913951
5,10,8,30,22.4262548
5,10,9,30,25.444452
5,11,10,30,43.7640084
5,11,11,30,34.8414213
5,11,12,30,35.7921814
5,11,13,30,39.5576943
5,11,14,30,44.0339991
5,11,15,30,49.2232793
5,11,16,30,49.5718226
5,11,17,30,53.3933462
5,11,18,30,58.9613659
5,11,19,30,61.2010876
5,11,2,30,7.9135931
5,11,20,30,64.292248
5,11,21,8,18.2905387
5,11,22,8,19.4148768
5,11,23,8,20.4607678
5,11,24,8,22.9429309
5,11,25,8,22.6834334
5,11,26,6,18.4254482
5,11,27,6,23.1703018
5,11,28,6,19.3338261
5,11,29,6,21.205426
5,11,3,30,9.9007189
5,11,30,6,21.0843117
5,11,31,6,21.9502257
5,11,32,6,24.3178376
5,11,33,6,24.0858091
5,11,34,6,25.688222
5,11,35,6,25.3857633
5,11,36,6,26.9707912
5,11,37,6,27.4265935
5,11,38,6,29.5927581
5,11,39,6,29.6059025
5,11,4,30,12.2468464
5,11,40,6,31.2125628
5,11,41,2,10.7581068
5,11,42,2,13.3379118
5,11,43,2,11.5147697
5,11,44,2,11.8278407
5,11,45,2,12.7181032
5,11,46,2,12.3426709
5,11,47,2,14.7764767
5,11,48,2,15.3001336
5,11,49,2,14.6268821
5,11,5,30,14.1025515
5,11,50,2,16.5947141
5,11,51,2,17.1917321
5,11,52,2,17.2317187
5,11,53,2,18.4225203
5,11,54,2,17.0483312
5,11,6,30,18.4192771
5,11,7,30,19.968682
5,11,8,30,23.2151631
5,11,9,30,26.1569382
5,12,10,30,32.4904122
5,12,11,30,35.6656677
5,12,12,30,39.8769882
5,12,13,30,45.1847442
5,12,14,30,49.4939337
5,12,15,30,51.2165747
5,12,16,30,54.7225905
5,12,17,30,61.494749
5,12,18,30,65.8196499
5,12,19,30,70.0545125
5,12,2,30,14.5790647
5,12,20,30,71.231927
5,12,21,8,20.4137616
5,12,22,8,22.2099386
5,12,23,8,22.6307902
5,12,24,8,23.8797406
5,12,25,8,34.725212
5,12,26,6,19.7025444
5,12,27,6,21.3440923
5,12,28,6,22.0570134
5,12,29,6,22.64642
5,12,3,30,10.1004397
5,12,30,6,23.4639669
5,12,31,6,25.5299064
5,12,32,6,25.4081164
5,12,33,6,26.9926406
5,12,34,6,27.3530234
5,12,35,6,28.7740072
5,12,36,6,30.0212937
5,12,37,6,31.5311485
5,12,38,6,31.7242301
5,12,39,6,34.168944
5,12,4,30,13.3807189
5,12,40,6,34.0688682
5,12,41,2,15.1446821
5,12,42,2,12.4094666
5,12,43,2,12.6212674
5,12,44,2,12.9490976
5,12,45,2,14.1962133
5,12,46,2,14.2264881
5,12,47,2,16.3293608
5,12,48,2,16.3562004
5,12,49,2,15.1012173
5,12,5,30,15.6971719
5,12,50,2,15.2856891
5,12,51,2,15.8878406
5,12,52,2,16.2510778
5,12,53,2,16.5092688
5,12,54,2,19.3190638
5,12,55,2,17.6000222
5,12,56,2,18.0645941
5,12,57,2,19.4979695
5,12,58,2,19.0678214
5,12,59,2,20.4433593
5,12,6,30,20.3294815
5,12,60,2,19.9333901
5,12,61,2,20.2855429
5,12,62,2,20.9495478
5,12,63,2,21.4706219
5,12,64,2,24.5936895
5,12,65,2,22.1260297
5,12,66,2,22.8735871
5,12,67,2,26.8030488
5,12,68,2,23.6122493
5,12,69,2,24.3748295
5,12,7,30,22.0813019
5,12,70,2,25.1755827
5,12,71,2,25.3888935
5,12,72,2,25.7467395
5,12,73,2,27.9084023
5,12,74,2,27.7450237
5,12,75,2,28.8369868
5,12,76,2,27.4954188
5,12,77,2,28.0608268
5,12,78,2,28.4242719
5,12,79,2,31.0672769
5,12,8,30,27.2191381
5,12,80,2,30.3867686
5,12,9,30,28.7966927
5,13,10,30,50.949282
5,13,11,30,39.6259766
5,13,12,30,46.3117549
5,13,13,30,47.6922772
5,13,14,30,51.8223849
5,13,15,30,56.3479243
5,13,16,30,63.942084
5,13,17,30,64.7423902
5,13,18,30,72.2123241
5,13,19,30,73.2895635
5,13,2,30,20.4892949
5,13,20,30,78.576441
5,13,21,8,23.3636921
5,13,22,8,25.0818072
5,13,23,8,24.6943636
5,13,24,8,33.6038154
5,13,25,8,27.6323125
5,13,26,6,22.1658396
5,13,27,6,22.4597576
5,13,28,6,23.6486609
5,13,29,6,24.712065
5,13,3,30,34.3527269
5,13,30,6,25.8423034
5,13,31,6,26.9635089
5,13,32,6,28.0335319
5,13,33,6,28.7319886
5,13,34,6,29.6403398
5,13,35,6,31.0604425
5,13,36,6,32.0472857
5,13,37,6,34.5640161
5,13,38,6,34.3935722
5,13,39,6,35.7378027
5,13,4,30,17.7755515
5,13,40,6,36.8782624
5,13,41,2,13.2166228
5,13,42,2,13.2843855
5,13,43,2,14.1500992
5,13,44,2,14.1061457
5,13,45,2,15.0650031
5,13,46,2,15.4272686
5,13,47,2,23.1021113
5,13,48,2,17.6972465
5,13,49,2,16.4763169
5,13,5,30,17.5382852
5,13,50,2,17.2356856
5,13,51,2,17.6278777
5,13,52,2,23.1681651
5,13,53,2,18.4385945
5,13,54,2,18.5721029
5,13,55,2,19.3079346
5,13,56,2,19.5684396
5,13,57,2,21.068604
5,13,58,2,21.05004
5,13,59,2,21.443485
5,13,6,30,21.2182114
5,13,60,2,21.8111464
5,13,61,2,22.3790222
5,13,62,2,26.1685993
5,13,63,2,23.8163628
5,13,64,2,23.9411424
5,13,65,2,25.0776027
5,13,66,2,24.9178009
5,13,67,2,24.8888156
5,13,68,2,26.3680458
5,13,69,2,26.7631897
5,13,7,30,25.9555224
5,13,70,2,27.1856941
5,13,71,2,27.7183404
5,13,72,2,30.056219
5,13,73,2,29.9958503
5,13,74,2,29.3112718
5,13,75,2,30.3500368
5,13,76,2,30.9092304
5,13,77,2,31.4167575
5,13,78,2,39.6204511
5,13,79,2,45.2213497
5,13,8,30,28.107006
5,13,80,2,33.3848721
5,13,9,30,31.85867
5,14,10,2,3.3506886
5,14,11,2,2.9788626
5,14,12,2,3.3210714
5,14,13,2,3.6475182
5,14,14,2,3.9559345
5,14,15,2,4.299598
5,14,16,2,4.6295978
5,14,17,2,4.9563706
5,14,18,2,5.1684704
5,14,19,2,5.6325418
5,14,2,2,0.7672402
5,14,20,2,5.9594906
5,14,21,2,6.0480596
5,14,22,2,6.3777456
5,14,23,2,6.7440218
5,14,24,2,7.0594396
5,14,25,2,7.4725167
5,14,26,2,7.8672266
5,14,27,2,8.2452993
5,14,28,2,8.5959943
5,14,29,2,9.0142297
5,14,3,2,1.0289998
5,14,30,2,9.3769246
5,14,31,2,9.7242604
5,14,32,2,10.1375085
5,14,33,2,10.4769677
5,14,34,2,10.8892167
5,14,35,2,11.3036179
5,14,36,2,11.7150643
5,14,37,2,12.1390488
5,14,38,2,12.5975791
5,14,39,2,13.06005
5,14,4,2,1.4708956
5,14,40,2,13.4578105
5,14,41,2,14.2093621
5,14,42,2,14.6359106
5,14,43,2,15.1405745
5,14,44,2,15.5688465
5,14,45,2,16.0339324
5,14,46,2,16.5054635
5,14,47,2,16.8940104
5,14,48,2,17.5421654
5,14,49,2,17.9093938
5,14,5,2,1.8183422
5,14,50,2,18.3821236
5,14,51,2,19.0055258
5,14,52,2,19.32411
5,14,53,2,20.1790398
5,14,54,2,20.5838128
5,14,55,2,21.1611923
5,14,56,2,21.1640817
5,14,57,2,21.6197877
5,14,58,2,22.1434972
5,14,59,2,22.6148537
5,14,6,2,2.178208
5,14,60,2,23.2496338
5,14,61,2,24.0482452
5,14,62,2,24.5340242
5,14,63,2,25.2080892
5,14,64,2,25.465295
5,14,65,2,26.4482567
5,14,66,2,26.6615596
5,14,67,2,27.1618207
5,14,68,2,27.9797173
5,14,69,2,28.5247232
5,14,7,2,2.4453728
5,14,70,2,29.2932825
5,14,71,2,30.2106046
5,14,72,2,30.5998102
5,14,73,2,30.8907706
5,14,74,2,31.3882158
5,14,75,2,32.3012495
5,14,76,2,35.7442846
5,14,77,2,76.3562252
5,14,78,2,74.500892
5,14,79,2,76.3003655
5,14,8,2,2.8859105
5,14,80,2,77.8406281
5,14,9,2,3.1162266
5,2,10,10,1.121853
5,2,2,30,0.9532104
5,2,3,30,1.0157137
5,2,4,22,1.0771167
5,2,5,22,1.2990397
5,2,6,10,0.6861625
5,2,7,10,1.0639039
5,2,8,10,0.8672172
5,2,9,10,0.9824549
5,3,10,10,2.0585929
5,3,2,30,1.2940259
5,3,3,30,1.9899344
5,3,4,22,2.0092907
5,3,5,22,2.4584848
5,3,6,10,1.2893688
5,3,7,10,1.9654821
5,3,8,10,1.5846783
5,3,9,10,1.8097952
5,4,10,10,3.3423125
5,4,2,30,1.9008014
5,4,3,30,2.73567
5,4,4,30,3.6505384
5,4,5,30,4.6308773
5,4,6,10,1.9066804
5,4,7,10,2.5046647
5,4,8,10,2.2768818
5,4,9,10,2.5885728
5,5,10,30,12.9383947
5,5,11,30,16.7887046
5,5,12,30,16.0666261
5,5,13,30,16.5295461
5,5,14,30,18.5803399
5,5,15,30,19.2513839
5,5,2,30,2.5233831
5,5,3,30,3.8801872
5,5,4,30,4.508321
5,5,5,30,6.1555129
5,5,6,30,7.6559695
5,5,7,30,10.049575
5,5,8,30,11.2337501
5,5,9,30,10.0127568
5,6,10,30,16.3793127
5,6,11,30,16.8729176
5,6,12,30,21.6747921
5,6,13,30,20.2033069
5,6,14,30,21.9891563
5,6,15,30,23.8193593
5,6,16,30,25.4695932
5,6,17,30,30.5970716
5,6,2,30,3.7420955
5,6,3,30,4.7292655
5,6,4,30,6.4897132
5,6,5,30,8.3352198
5,6,6,30,8.8156411
5,6,7,30,10.104334
5,6,8,30,11.0094737
5,6,9,30,13.5394184
5,7,10,30,20.2733961
5,7,11,30,18.7799412
5,7,12,30,22.5202745
5,7,13,30,24.7648172
5,7,14,30,26.7531645
5,7,15,30,27.1089689
5,7,16,30,36.5781194
5,7,17,30,33.1678193
5,7,18,30,33.9991216
5,7,19,30,37.64647
5,7,2,30,4.5270981
5,7,3,30,6.1728318
5,7,4,30,7.6994134
5,7,5,30,9.3424222
5,7,6,30,11.7099363
5,7,7,30,13.8151749
5,7,8,30,14.4141824
5,7,9,30,18.652864
5,8,10,30,21.9177949
5,8,11,30,22.0341971
5,8,12,30,25.8607004
5,8,13,30,27.0191837
5,8,14,30,30.685891
5,8,15,30,33.6202513
5,8,16,30,34.4411735
5,8,17,30,38.6352545
5,8,18,30,40.4720272
5,8,19,30,43.733527
5,8,2,30,4.8600578
5,8,20,30,44.0644122
5,8,21,8,12.6440628
5,8,22,8,13.7715053
5,8,23,8,13.9174983
5,8,24,8,15.4798646
5,8,25,8,17.9201404
5,8,26,6,12.1917086
5,8,27,6,13.2751212
5,8,28,6,13.3954982
5,8,29,6,14.6412151
5,8,3,30,6.6098964
5,8,30,6,14.6557614
5,8,4,30,8.8659844
5,8,5,30,11.1307102
5,8,6,30,12.579402
5,8,7,30,14.9508183
5,8,8,30,17.5789668
5,8,9,30,20.9307228
5,9,10,30,25.376448
5,9,11,30,34.7984797
5,9,12,30,30.486115
5,9,13,30,33.2392661
5,9,14,30,35.9249687
5,9,15,30,46.0543931
5,9,16,30,41.4014944
5,9,17,30,41.6548391
5,9,18,30,47.4822717
5,9,19,30,47.4568025
5,9,2,30,5.2409941
5,9,20,30,51.8464698
5,9,21,8,15.1904303
5,9,22,8,15.1586311
5,9,23,8,17.0921773
5,9,24,8,19.6579513
5,9,25,8,17.8107583
5,9,26,6,14.6866851
5,9,27,6,14.6531321
5,9,28,6,15.4906886
5,9,29,6,16.0424235
5,9,3,30,10.6168666
5,9,30,6,16.8183781
5,9,31,6,17.9085968
5,9,32,6,21.1997898
5,9,33,6,18.7872194
5,9,34,6,22.9957655
5,9,35,6,20.2425985
5,9,36,6,25.4596425
5,9,4,30,10.0322197
5,9,5,30,12.2745128
5,9,6,30,14.4562781
5,9,7,30,17.9523083
5,9,8,30,25.6141477
5,9,9,30,23.8843304
6,10,10,30,46.4468534
6,10,11,8,10.3109194
6,10,12,8,11.674548
6,10,13,8,12.6970748
6,10,14,8,13.9075103
6,10,15,8,15.0895643
6,10,16,8,15.364976
6,10,17,8,16.6551096
6,10,18,8,17.8904586
6,10,19,8,19.1160428
6,10,2,30,9.0035469
6,10,20,8,21.0784451
6,10,21,8,21.6432105
6,10,22,8,23.5267212
6,10,23,8,25.2786889
6,10,24,8,25.7932687
6,10,25,8,27.9729628
6,10,26,6,21.5630429
6,10,27,6,23.6488633
6,10,28,6,31.284412
6,10,29,6,24.9952186
6,10,3,30,13.9545825
6,10,30,6,26.7751752
6,10,31,6,28.4407205
6,10,32,6,29.1648304
6,10,33,6,30.4699969
6,10,34,6,31.402343
6,10,35,6,33.6221674
6,10,36,6,34.1190431
6,10,37,6,35.7165025
6,10,38,6,42.1205331
6,10,39,6,38.595317
6,10,4,30,17.9650785
6,10,40,6,44.1876894
6,10,41,2,13.7786408
6,10,42,2,14.2225443
6,10,5,30,21.2415034
6,10,6,30,29.1392919
6,10,7,30,23.2841131
6,10,8,30,34.1057625
6,10,9,30,46.065484
6,11,10,30,47.8602512
6,11,11,8,11.4538371
6,11,12,8,17.2577848
6,11,13,8,13.4733593
6,11,14,8,14.8571163
6,11,15,8,16.5679059
6,11,16,8,23.7246909
6,11,17,8,18.6984732
6,11,18,8,20.4107277
6,11,19,8,25.5068005
6,11,2,30,9.8582972
6,11,20,8,22.8816657
6,11,21,8,24.803986
6,11,22,8,31.1651398
6,11,23,8,27.6791432
6,11,24,8,30.1551565
6,11,25,8,30.6244461
6,11,26,6,24.819529
6,11,27,6,27.7116871
6,11,28,6,26.9477392
6,11,29,6,28.6658718
6,11,3,30,11.7883891
6,11,30,6,29.3761693
6,11,31,6,30.8820457
6,11,32,6,32.5003963
6,11,33,6,33.7240462
6,11,34,6,35.4400237
6,11,35,6,36.235374
6,11,36,6,37.9413896
6,11,37,6,39.5771242
6,11,38,6,42.3523999
6,11,39,6,42.2970414
6,11,4,30,14.5636272
6,11,40,6,44.379827
6,11,41,2,15.418244
6,11,42,2,16.8878663
6,11,43,2,16.6051652
6,11,44,2,17.0679906
6,11,45,2,18.89517
6,11,46,2,18.5151695
6,11,47,2,20.4707858
6,11,48,2,21.984001
6,11,49,2,27.8835047
6,11,5,30,21.0914993
6,11,50,2,24.5111522
6,11,51,2,24.627893
6,11,52,2,24.7431688
6,11,53,2,26.05589
6,11,6,30,22.6159668
6,11,7,30,24.8132266
6,11,8,30,28.9203169
6,11,9,30,32.7488364
6,12,10,30,41.1890781
6,12,11,8,12.2883658
6,12,12,8,13.6891793
6,12,13,8,15.4138851
6,12,14,8,17.0257227
6,12,15,8,17.8071899
6,12,16,8,19.4488369
6,12,17,8,21.2039846
6,12,18,8,23.4464247
6,12,19,8,24.834199
6,12,2,30,15.6885439
6,12,20,8,25.5896169
6,12,21,8,27.0513108
6,12,22,8,29.7886422
6,12,23,8,30.7140856
6,12,24,8,32.3499788
6,12,25,8,35.1177917
6,12,26,6,27.000267
6,12,27,6,28.5259767
6,12,28,6,30.8570838
6,12,29,6,31.3721653
6,12,3,30,12.3866387
6,12,30,6,32.6326957
6,12,31,6,35.1153755
6,12,32,6,36.1430616
6,12,33,6,37.8305064
6,12,34,6,38.7717008
6,12,35,6,40.6255712
6,12,36,6,42.5891973
6,12,37,6,44.6290669
6,12,38,6,45.5783433
6,12,39,6,47.3021363
6,12,4,30,16.4282211
6,12,40,6,49.2629054
6,12,41,2,19.8002112
6,12,42,2,17.8402135
6,12,43,2,18.2227429
6,12,44,2,20.7795542
6,12,45,2,20.8281202
6,12,46,2,20.0165421
6,12,47,2,28.8920733
6,12,48,2,21.3756461
6,12,49,2,22.1522033
6,12,5,30,19.5002243
6,12,50,2,22.6130576
6,12,51,2,26.1286152
6,12,52,2,24.0824929
6,12,53,2,24.9337711
6,12,54,2,25.7647479
6,12,55,2,26.6881145
6,12,56,2,29.242495
6,12,57,2,28.1847508
6,12,58,2,29.1240446
6,12,59,2,29.388368
6,12,6,30,24.5152562
6,12,60,2,30.0594489
6,12,61,2,33.5407224
6,12,62,2,31.0714108
6,12,63,2,32.3980878
6,12,64,2,35.5961124
6,12,65,2,33.805216
6,12,66,2,36.1658536
6,12,67,2,38.1590508
6,12,68,2,36.5840351
6,12,69,2,38.6955753
6,12,7,30,27.7691431
6,12,70,2,39.7211168
6,12,71,2,39.8139292
6,12,72,2,40.1503247
6,12,73,2,42.5070349
6,12,74,2,42.2187354
6,12,75,2,42.6370629
6,12,76,2,45.1421575
6,12,77,2,47.6352943
6,12,78,2,48.8223091
6,12,79,2,48.8651376
6,12,8,30,33.1192156
6,12,80,2,49.4626777
6,12,9,30,36.4515123
6,13,10,30,61.5052711
6,13,11,8,13.5852178
6,13,12,8,15.310251
6,13,13,8,16.5067827
6,13,14,8,18.0959712
6,13,15,8,19.7863259
6,13,16,8,21.7790617
6,13,17,8,22.8375528
6,13,18,8,25.3701742
6,13,19,8,26.4844211
6,13,2,30,24.4382251
6,13,20,8,28.2444667
6,13,21,8,30.6996237
6,13,22,8,32.6902835
6,13,23,8,34.112852
6,13,24,8,36.6834012
6,13,25,8,37.40332
6,13,26,6,30.3053338
6,13,27,6,31.0844676
6,13,28,6,33.0782891
6,13,29,6,34.1610134
6,13,3,30,37.251987
6,13,30,6,35.9926079
6,13,31,6,37.999123
6,13,32,6,47.5333608
6,13,33,6,41.1694134
6,13,34,6,50.6022461
6,13,35,6,44.2055172
6,13,36,6,62.0293862
6,13,37,6,50.0812093
6,13,38,6,58.646888
6,13,39,6,51.8504164
6,13,4,30,21.2287922
6,13,40,6,53.5249352
6,13,41,2,18.8054531
6,13,42,2,19.3807962
6,13,43,2,20.5153489
6,13,44,2,21.5030088
6,13,45,2,22.2817358
6,13,46,2,21.8624296
6,13,47,2,29.7985019
6,13,48,2,23.4933035
6,13,49,2,24.4062574
6,13,5,30,21.7161368
6,13,50,2,24.9853947
6,13,51,2,25.6011668
6,13,52,2,27.6900677
6,13,53,2,26.9238673
6,13,54,2,28.1655862
6,13,55,2,28.6916539
6,13,56,2,29.5582035
6,13,57,2,31.9992458
6,13,58,2,31.5054093
6,13,59,2,32.8712142
6,13,6,30,26.9018063
6,13,60,2,34.5749169
6,13,61,2,35.1463697
6,13,62,2,34.984944
6,13,63,2,36.1151689
6,13,64,2,37.9146179
6,13,65,2,38.9539081
6,13,66,2,39.7626653
6,13,67,2,39.3954211
6,13,68,2,41.7219207
6,13,69,2,43.6930753
6,13,7,30,32.4187932
6,13,70,2,43.314606
6,13,71,2,43.9856626
6,13,72,2,45.4072376
6,13,73,2,45.4235942
6,13,74,2,45.0666605
6,13,75,2,46.2999643
6,13,76,2,57.6823383
6,13,77,2,51.2912542
6,13,78,2,59.3416403
6,13,79,2,60.1063966
6,13,8,30,35.7521464
6,13,80,2,70.676093
6,13,9,30,40.6918346
6,14,10,2,5.6777214
6,14,11,2,5.2171476
6,14,12,2,6.0442527
6,14,13,2,8.3156257
6,14,14,2,11.920917
6,14,15,2,8.9780191
6,14,16,2,9.6654906
6,14,17,2,8.4399003
6,14,18,2,7.2412354
6,14,19,2,9.421815
6,14,2,2,0.8831816
6,14,20,2,8.0648638
6,14,21,2,8.8438173
6,14,22,2,10.2009994
6,14,23,2,10.4606112
6,14,24,2,10.6528084
6,14,25,2,11.8290172
6,14,26,2,11.7455141
6,14,27,2,12.1247294
6,14,28,2,12.3085606
6,14,29,2,12.6475545
6,14,3,2,1.1732595
6,14,30,2,13.3460827
6,14,31,2,13.9771296
6,14,32,2,14.6182078
6,14,33,2,15.0794105
6,14,34,2,15.761232
6,14,35,2,16.4003867
6,14,36,2,16.8885992
6,14,37,2,17.6503759
6,14,38,2,18.7047933
6,14,39,2,18.9159954
6,14,4,2,1.9663369
6,14,40,2,19.4751146
6,14,41,2,20.264354
6,14,42,2,21.0126962
6,14,43,2,21.6566658
6,14,44,2,22.658742
6,14,45,2,23.2512936
6,14,46,2,23.8579472
6,14,47,2,24.4957286
6,14,48,2,25.1066616
6,14,49,2,26.0446105
6,14,5,2,2.9120214
6,14,50,2,27.0410327
6,14,51,2,27.7007863
6,14,52,2,28.7675584
6,14,53,2,29.2666176
6,14,54,2,30.0630417
6,14,55,2,30.9351602
6,14,56,2,31.8679387
6,14,57,2,32.9927696
6,14,58,2,34.6470003
6,14,59,2,34.8195143
6,14,6,2,3.4297843
6,14,60,2,35.8759627
6,14,61,2,36.6585177
6,14,62,2,37.6597341
6,14,63,2,39.195836
6,14,64,2,40.4690707
6,14,65,2,41.220283
6,14,66,2,41.9362138
6,14,67,2,42.835799
6,14,68,2,44.0918361
6,14,69,2,44.8323249
6,14,7,2,3.8416333
6,14,70,2,46.2394382
6,14,71,2,93.1611442
6,14,72,2,95.7052614
6,14,73,2,96.8337061
6,14,74,2,99.2125542
6,14,75,2,101.4640207
6,14,76,2,103.0599459
6,14,77,2,105.5243954
6,14,78,2,108.805125
6,14,79,2,109.4018908
6,14,8,2,4.6657059
6,14,80,2,112.6597077
6,14,9,2,5.4582383
6,2,10,10,1.596604
6,2,2,30,0.855157
6,2,3,22,0.8204004
6,2,4,22,1.1240387
6,2,5,22,1.5293867
6,2,6,10,0.8692944
6,2,7,10,1.2967741
6,2,8,10,1.2114654
6,2,9,10,1.4019019
6,3,10,10,2.786429
6,3,2,30,1.4956783
6,3,3,30,2.3012367
6,3,4,22,2.056064
6,3,5,22,2.7611796
6,3,6,10,1.5976749
6,3,7,10,2.3110059
6,3,8,10,2.1991622
6,3,9,10,2.4601432
6,4,10,10,3.8638668
6,4,2,30,2.1855493
6,4,3,30,4.1628391
6,4,4,30,4.7166284
6,4,5,22,4.0582795
6,4,6,10,2.2438894
6,4,7,10,2.7475739
6,4,8,10,3.0226729
6,4,9,10,3.441904
6,5,10,30,14.247268
6,5,11,8,5.4437187
6,5,12,8,5.2190555
6,5,13,8,5.4686044
6,5,14,8,6.1006617
6,5,15,8,6.2938401
6,5,2,30,3.0386367
6,5,3,30,5.8883498
6,5,4,30,8.5276099
6,5,5,30,6.9720975
6,5,6,30,9.8314809
6,5,7,30,10.4353723
6,5,8,30,13.2095842
6,5,9,30,14.4301332
6,6,10,30,18.17654
6,6,11,8,5.4086648
6,6,12,8,7.0115594
6,6,13,8,6.6212803
6,6,14,8,7.2214596
6,6,15,8,8.0084647
6,6,16,8,8.5845995
6,6,17,8,9.5312226
6,6,2,30,4.2784597
6,6,3,30,7.3012858
6,6,4,30,10.1322886
6,6,5,30,8.7733543
6,6,6,30,12.8151077
6,6,7,30,11.7785612
6,6,8,30,14.2782109
6,6,9,30,15.8156445
6,7,10,30,22.6326687
6,7,11,8,6.2913731
6,7,12,8,7.4394432
6,7,13,8,8.1957433
6,7,14,8,8.8714141
6,7,15,8,9.293821
6,7,16,8,12.3171968
6,7,17,8,11.1054413
6,7,18,8,11.7492972
6,7,19,8,12.9620974
6,7,2,30,5.7658591
6,7,3,30,8.5657674
6,7,4,30,11.9448219
6,7,5,30,14.9881405
6,7,6,30,15.8737954
6,7,7,30,15.0624856
6,7,8,30,17.6574229
6,7,9,30,20.1142935
6,8,10,30,26.3665339
6,8,11,8,7.383972
6,8,12,8,8.6725346
6,8,13,8,11.9746074
6,8,14,8,10.1214131
6,8,15,8,11.0973408
6,8,16,8,11.7190606
6,8,17,8,13.2612751
6,8,18,8,14.046624
6,8,19,8,15.2053159
6,8,2,30,6.7842548
6,8,20,8,15.6517074
6,8,21,8,16.6630267
6,8,22,8,18.1414891
6,8,23,8,18.9697328
6,8,24,8,19.9895049
6,8,25,8,21.6549507
6,8,26,6,16.7351599
6,8,27,6,17.9064988
6,8,28,6,18.4118084
6,8,29,6,19.6605489
6,8,3,30,10.1482177
6,8,30,6,20.1558137
6,8,4,30,13.6181852
6,8,5,30,18.1114823
6,8,6,30,18.1983829
6,8,7,30,17.5103317
6,8,8,30,20.2248939
6,8,9,30,23.1622188
6,9,10,30,36.3569633
6,9,11,8,11.0876726
6,9,12,8,10.2050681
6,9,13,8,11.1352976
6,9,14,8,12.265843
6,9,15,8,13.6407602
6,9,16,8,14.0846775
6,9,17,8,18.9265512
6,9,18,8,16.4365901
6,9,19,8,16.847071
6,9,2,30,7.8299481
6,9,20,8,18.5990814
6,9,21,8,19.8503897
6,9,22,8,20.3504955
6,9,23,8,22.5186676
6,9,24,8,23.4910214
6,9,25,8,24.2000562
6,9,26,6,19.7599816
6,9,27,6,20.0971194
6,9,28,6,21.3764983
6,9,29,6,25.3995562
6,9,3,30,12.39295
6,9,30,6,23.5303302
6,9,31,6,24.679424
6,9,32,6,27.2626374
6,9,33,6,26.6726727
6,9,34,6,28.7190211
6,9,35,6,28.7366801
6,9,36,6,31.5115245
6,9,4,30,15.9062533
6,9,5,30,20.445375
6,9,6,30,20.7652696
6,9,7,30,24.8470788
6,9,8,30,27.2280679
6,9,9,30,32.131935
7,10,10,30,46.33731
7,10,11,8,13.270403
7,10,12,8,15.1656386
7,10,13,8,16.7116747
7,10,14,8,18.5856469
7,10,15,8,19.9282428
7,10,16,8,21.17269
7,10,17,8,22.9532381
7,10,18,8,24.7730032
7,10,19,8,26.7166564
7,10,2,30,12.7583479
7,10,20,8,28.7558316
7,10,21,8,30.7338406
7,10,22,8,32.9683144
7,10,23,8,35.2375179
7,10,24,8,37.1323823
7,10,25,8,39.579848
7,10,26,6,31.2259593
7,10,27,6,33.4662788
7,10,28,6,35.4832441
7,10,29,6,36.5938989
7,10,3,30,17.0122175
7,10,30,6,38.2884405
7,10,31,6,40.8371092
7,10,32,6,42.9167375
7,10,33,6,45.1594572
7,10,34,6,47.272566
7,10,35,6,49.1401287
7,10,36,6,50.5042633
7,10,37,6,52.9355693
7,10,38,6,55.8040438
7,10,39,6,57.7532417
7,10,4,30,17.7893643
7,10,40,6,64.5083837
7,10,41,2,20.4048206
7,10,42,2,21.8502273
7,10,5,30,21.1434153
7,10,6,30,32.2356195
7,10,7,30,29.9769591
7,10,8,30,38.1303414
7,10,9,30,45.1486911
7,11,10,30,50.339165
7,11,11,8,15.1701376
7,11,12,8,20.1294972
7,11,13,8,18.2527362
7,11,14,8,20.3794538
7,11,15,8,22.2140513
7,11,16,8,26.4816747
7,11,17,8,25.7859303
7,11,18,8,27.9863585
7,11,19,8,31.4457401
7,11,2,30,13.6502467
7,11,20,8,32.455314
7,11,21,8,34.6786184
7,11,22,8,42.5053914
7,11,23,8,39.4999564
7,11,24,8,42.0931555
7,11,25,8,44.0871708
7,11,26,6,35.4924615
7,11,27,6,37.4055328
7,11,28,6,39.1681159
7,11,29,6,40.8672861
7,11,3,30,14.6848436
7,11,30,6,42.4434769
7,11,31,6,45.4968628
7,11,32,6,46.6517624
7,11,33,6,50.0541101
7,11,34,6,53.1521208
7,11,35,6,54.4459072
7,11,36,6,55.8989074
7,11,37,6,59.4568547
7,11,38,6,62.3201366
7,11,39,6,63.3467585
7,11,4,30,19.0682907
7,11,40,6,68.0712301
7,11,41,2,23.4826355
7,11,42,2,24.5265617
7,11,43,2,24.9141763
7,11,44,2,25.5417355
7,11,45,2,26.0649825
7,11,46,2,28.1651528
7,11,47,2,31.2044653
7,11,48,2,32.9928646
7,11,49,2,37.7031827
7,11,5,30,23.8052564
7,11,50,2,37.306608
7,11,51,2,37.2678016
7,11,52,2,38.0396743
7,11,53,2,42.0910888
7,11,6,30,28.829518
7,11,7,30,32.6703626
7,11,8,30,39.2060658
7,11,9,30,44.8225675
7,12,10,30,55.3284061
7,12,11,8,16.5727506
7,12,12,8,18.5964878
7,12,13,8,20.626302
7,12,14,8,22.9419625
7,12,15,8,24.4479513
7,12,16,8,26.8274692
7,12,17,8,29.406052
7,12,18,8,33.0031339
7,12,19,8,34.0359256
7,12,2,30,21.9706015
7,12,20,8,35.9330411
7,12,21,8,38.6592187
7,12,22,8,41.1434702
7,12,23,8,43.7175284
7,12,24,8,46.64201
7,12,25,8,49.7392559
7,12,26,6,38.8351633
7,12,27,6,41.8086637
7,12,28,6,44.2296118
7,12,29,6,45.8911882
7,12,3,30,16.316994
7,12,30,6,47.5712414
7,12,31,6,51.0331135
7,12,32,6,52.8640045
7,12,33,6,56.2109926
7,12,34,6,58.4466479
7,12,35,6,61.3417406
7,12,36,6,63.4940233
7,12,37,6,66.0472501
7,12,38,6,68.4632957
7,12,39,6,71.157447
7,12,4,30,21.0101076
7,12,40,6,74.7089027
7,12,41,2,26.2221341
7,12,42,2,26.910248
7,12,43,2,27.6247683
7,12,44,2,30.752412
7,12,45,2,30.9241995
7,12,46,2,31.5051187
7,12,47,2,38.0628677
7,12,48,2,32.941904
7,12,49,2,33.9028633
7,12,5,30,25.8232458
7,12,50,2,34.6347813
7,12,51,2,37.1764448
7,12,52,2,36.1527124
7,12,53,2,39.5375993
7,12,54,2,39.7930802
7,12,55,2,42.5402982
7,12,56,2,42.0520816
7,12,57,2,46.1732412
7,12,58,2,47.4951264
7,12,59,2,48.4743484
7,12,6,30,31.5749111
7,12,60,2,51.6118577
7,12,61,2,50.3272741
7,12,62,2,49.5579031
7,12,63,2,55.1100231
7,12,64,2,56.6822538
7,12,65,2,58.2382698
7,12,66,2,60.2410264
7,12,67,2,62.7830218
7,12,68,2,69.7107226
7,12,69,2,65.3398734
7,12,7,30,36.9123787
7,12,70,2,112.2644587
7,12,71,2,102.0777538
7,12,72,2,1186.6834415
7,12,73,2,1538.1743999
7,12,74,2,2013.7804425
7,12,75,2,2075.6149386
7,12,76,2,2285.329978
7,12,77,2,2516.6904283
7,12,78,2,2766.3979104
7,12,8,30,43.8888953
7,12,9,30,48.8640746
7,13,10,30,69.1789892
7,13,11,8,18.4359132
7,13,12,8,20.8164917
7,13,13,8,22.5733824
7,13,14,8,24.8658124
7,13,15,8,27.566259
7,13,16,8,30.0110503
7,13,17,8,32.0127636
7,13,18,8,34.8554036
7,13,19,8,37.1269629
7,13,2,30,31.3274043
7,13,20,8,39.8425273
7,13,21,8,43.1234652
7,13,22,8,46.4083904
7,13,23,8,48.6696686
7,13,24,8,52.3350458
7,13,25,8,54.1750509
7,13,26,6,42.9934248
7,13,27,6,45.0869202
7,13,28,6,48.4281446
7,13,29,6,55.5428901
7,13,3,30,45.6566207
7,13,30,6,53.5288124
7,13,31,6,55.968134
7,13,32,6,58.4436354
7,13,33,6,60.985949
7,13,34,6,64.2010803
7,13,35,6,66.6948276
7,13,36,6,78.2716631
7,13,37,6,73.1855694
7,13,38,6,75.4949649
7,13,39,6,78.2289724
7,13,4,30,25.7233822
7,13,40,6,89.2859757
7,13,41,2,28.1065243
7,13,42,2,29.4850856
7,13,43,2,30.6152753
7,13,44,2,31.2945091
7,13,45,2,33.9631342
7,13,46,2,34.5162317
7,13,47,2,46.2562127
7,13,48,2,38.0452273
7,13,49,2,46.7789802
7,13,5,30,28.9781703
7,13,50,2,37.6917761
7,13,51,2,39.0066752
7,13,52,2,41.9338503
7,13,53,2,42.9998083
7,13,54,2,52.4019926
7,13,55,2,45.5894005
7,13,56,2,46.4385099
7,13,57,2,48.733777
7,13,58,2,51.5826792
7,13,59,2,59.1936063
7,13,6,30,34.7258652
7,13,60,2,54.1084404
7,13,61,2,57.2474007
7,13,62,2,59.4587521
7,13,63,2,59.8916927
7,13,64,2,61.9261355
7,13,65,2,63.5083657
7,13,66,2,62.98057
7,13,67,2,66.7386724
7,13,68,2,70.5274566
7,13,69,2,82.5472401
7,13,7,30,42.3608203
7,13,70,2,78.7264916
7,13,71,2,429.5613916
7,13,72,2,1258.5670597
7,13,73,2,1885.6824908
7,13,74,2,2189.1728553
7,13,75,2,2351.3864119
7,13,76,2,2534.5738129
7,13,77,2,2742.2765864
7,13,78,2,3125.1088076
7,13,8,30,47.8839505
7,13,9,30,54.3330176
7,14,10,2,5.4138649
7,14,11,2,5.1265116
7,14,12,2,5.6786976
7,14,13,2,6.2102642
7,14,14,2,6.8927308
7,14,15,2,7.5225928
7,14,16,2,8.2022503
7,14,17,2,8.6780073
7,14,18,2,9.4631698
7,14,19,2,10.3311037
7,14,2,2,1.6197191
7,14,20,2,10.8743376
7,14,21,2,11.474866
7,14,22,2,12.2521602
7,14,23,2,13.1306739
7,14,24,2,13.8191624
7,14,25,2,14.4753563
7,14,26,2,15.450529
7,14,27,2,16.5125631
7,14,28,2,17.528928
7,14,29,2,18.4004386
7,14,3,2,2.3073558
7,14,30,2,19.1935065
7,14,31,2,20.3491715
7,14,32,2,21.1941401
7,14,33,2,22.2439124
7,14,34,2,23.2622341
7,14,35,2,24.2139688
7,14,36,2,24.9779424
7,14,37,2,25.9166579
7,14,38,2,27.0398229
7,14,39,2,28.2726875
7,14,4,2,2.847673
7,14,40,2,29.6263779
7,14,41,2,30.6026078
7,14,42,2,31.8300868
7,14,43,2,32.8920254
7,14,44,2,33.5537101
7,14,45,2,35.0462582
7,14,46,2,36.9041459
7,14,47,2,38.6075129
7,14,48,2,40.0122532
7,14,49,2,41.0889709
7,14,5,2,2.8431333
7,14,50,2,42.2551092
7,14,51,2,43.0535722
7,14,52,2,44.3844245
7,14,53,2,46.2694426
7,14,54,2,47.5652282
7,14,55,2,48.848497
7,14,56,2,49.7516222
7,14,57,2,50.9456168
7,14,58,2,53.1563018
7,14,59,2,54.6111129
7,14,6,2,3.6465423
7,14,60,2,56.9689841
7,14,61,2,60.763038
7,14,62,2,61.0649994
7,14,63,2,63.5045181
7,14,64,2,64.1410062
7,14,65,2,66.1282109
7,14,66,2,68.8794819
7,14,67,2,72.0263594
7,14,68,2,73.8766452
7,14,69,2,76.9648614
7,14,7,2,4.8238406
7,14,70,2,84.4844724
7,14,71,2,1363.0340875
7,14,72,2,1966.3227856
7,14,73,2,1915.8718187
7,14,74,2,2286.1746853
7,14,75,2,2318.8722856
7,14,76,2,2572.4368211
7,14,77,2,2861.8121695
7,14,78,2,3377.4259018
7,14,8,2,5.0324367
7,14,9,2,5.7071397
7,2,10,10,2.1925623
7,2,2,30,1.2133813
7,2,3,22,1.046022
7,2,4,22,1.4373808
7,2,5,22,1.891311
7,2,6,10,1.0354688
7,2,7,10,1.2531944
7,2,8,10,1.4579845
7,2,9,10,1.704009
7,3,10,10,3.5945211
7,3,2,30,2.3210286
7,3,3,30,2.6469495
7,3,4,22,2.6002147
7,3,5,22,3.2379418
7,3,6,10,1.9073019
7,3,7,10,2.1206366
7,3,8,10,2.4933874
7,3,9,10,2.9219615
7,4,10,10,5.0007044
7,4,2,30,3.2472328
7,4,3,30,3.8729846
7,4,4,30,5.107859
7,4,5,22,4.4896646
7,4,6,10,2.7424117
7,4,7,10,2.9899625
7,4,8,10,3.5240628
7,4,9,10,4.8918281
7,5,10,30,18.7862024
7,5,11,8,6.6516828
7,5,12,8,6.7016419
7,5,13,8,7.1999398
7,5,14,8,8.0242853
7,5,15,8,8.5295348
7,5,2,30,4.7603651
7,5,3,30,5.324914
7,5,4,30,6.7960524
7,5,5,30,8.7190888
7,5,6,30,10.6129951
7,5,7,30,12.5327219
7,5,8,30,16.1235037
7,5,9,30,20.8141413
7,6,10,30,23.4284034
7,6,11,8,7.1405063
7,6,12,8,8.1222815
7,6,13,8,8.6912531
7,6,14,8,9.7119902
7,6,15,8,10.5952498
7,6,16,8,11.5995231
7,6,17,8,12.6960508
7,6,2,30,6.7291547
7,6,3,30,6.2609587
7,6,4,30,9.1101001
7,6,5,30,11.122347
7,6,6,30,13.4234813
7,6,7,30,14.9283363
7,6,8,30,18.012885
7,6,9,30,22.7415037
7,7,10,30,29.1006684
7,7,11,8,8.2748529
7,7,12,8,9.7501382
7,7,13,8,10.661014
7,7,14,8,11.8116347
7,7,15,8,12.5685391
7,7,16,8,15.5769831
7,7,17,8,14.8869485
7,7,18,8,16.143879
7,7,19,8,17.7464878
7,7,2,30,8.5426259
7,7,3,30,8.4210671
7,7,4,30,10.9882187
7,7,5,30,13.8070537
7,7,6,30,16.3209332
7,7,7,30,18.9603178
7,7,8,30,22.0857516
7,7,9,30,27.2525504
7,8,10,30,33.3627047
7,8,11,8,9.8199374
7,8,12,8,11.2738826
7,8,13,8,16.1667717
7,8,14,8,13.5712525
7,8,15,8,14.9791548
7,8,16,8,16.0598268
7,8,17,8,17.7898236
7,8,18,8,18.9799452
7,8,19,8,20.4418564
7,8,2,30,10.3325454
7,8,20,8,24.2357103
7,8,21,8,23.518086
7,8,22,8,25.1512676
7,8,23,8,26.6570536
7,8,24,8,28.4455792
7,8,25,8,30.2274092
7,8,26,6,24.174082
7,8,27,6,25.2198395
7,8,28,6,26.7225449
7,8,29,6,28.4654271
7,8,3,30,12.4016062
7,8,30,6,32.254222
7,8,4,30,12.8923292
7,8,5,30,15.7584098
7,8,6,30,19.119763
7,8,7,30,22.3277251
7,8,8,30,27.6511799
7,8,9,30,29.7174509
7,9,10,30,40.0966015
7,9,11,8,13.5401838
7,9,12,8,12.9863595
7,9,13,8,14.5130111
7,9,14,8,16.0304276
7,9,15,8,17.564484
7,9,16,8,18.8850722
7,9,17,8,26.130095
7,9,18,8,22.2169512
7,9,19,8,23.4270088
7,9,2,30,11.1667592
7,9,20,8,25.4924035
7,9,21,8,27.3402896
7,9,22,8,28.7733345
7,9,23,8,30.9724174
7,9,24,8,32.9488871
7,9,25,8,34.6397611
7,9,26,6,28.6721217
7,9,27,6,29.3520515
7,9,28,6,31.451038
7,9,29,6,33.2222182
7,9,3,30,13.9314175
7,9,30,6,34.1732106
7,9,31,6,35.6486132
7,9,32,6,37.9911333
7,9,33,6,39.7864691
7,9,34,6,41.5396075
7,9,35,6,43.2681688
7,9,36,6,45.7615723
7,9,4,30,16.6155402
7,9,5,30,18.6519228
7,9,6,30,21.8943766
7,9,7,30,29.5446351
7,9,8,30,34.9312302
7,9,9,30,34.5381517
8,10,10,30,75.8968727
8,10,11,8,18.4911058
8,10,12,8,20.7585623
8,10,13,8,22.9004538
8,10,14,8,32.3027882
8,10,15,8,27.6280757
8,10,16,8,30.3516558
8,10,17,8,37.2920817
8,10,18,8,35.3177128
8,10,19,8,37.9658649
8,10,2,30,18.212512
8,10,20,8,40.4916748
8,10,21,8,43.3892854
8,10,22,8,47.4296337
8,10,23,8,49.5567699
8,10,24,8,54.4759481
8,10,25,8,57.5310605
8,10,26,6,55.5234077
8,10,27,6,47.8734359
8,10,28,6,51.3412221
8,10,29,6,53.6118669
8,10,3,30,18.091894
8,10,30,6,56.9172139
8,10,31,6,59.1427949
8,10,32,6,64.3650452
8,10,33,4,43.7092332
8,10,34,4,48.1926313
8,10,35,4,49.116087
8,10,36,4,52.2145136
8,10,37,4,56.165727
8,10,38,4,58.9157625
8,10,39,4,60.7213365
8,10,4,30,22.6037434
8,10,40,4,61.9142967
8,10,41,2,29.9571601
8,10,42,2,37.3728442
8,10,5,30,28.2240053
8,10,6,30,43.5515484
8,10,7,30,39.8795937
8,10,8,30,46.4253741
8,10,9,30,53.7082931
8,11,10,30,69.4023035
8,11,11,8,20.8512335
8,11,12,8,23.4041147
8,11,13,8,25.5550901
8,11,14,8,28.9773902
8,11,15,8,31.0104192
8,11,16,8,34.3331843
8,11,17,8,36.5514159
8,11,18,8,39.996868
8,11,19,8,42.6361762
8,11,2,30,21.1021597
8,11,20,8,46.3505988
8,11,21,8,49.9174474
8,11,22,8,55.8666816
8,11,23,8,56.3464241
8,11,24,8,61.6977674
8,11,25,8,63.8252655
8,11,26,6,52.5319627
8,11,27,6,53.8106611
8,11,28,6,57.7539556
8,11,29,6,59.9168435
8,11,3,30,19.4645137
8,11,30,6,64.881827
8,11,31,6,67.0081468
8,11,32,6,71.4199272
8,11,33,4,48.5526005
8,11,34,4,53.5930241
8,11,35,4,54.5393568
8,11,36,4,57.1861881
8,11,37,4,61.6473131
8,11,38,4,64.9249264
8,11,39,4,65.6819017
8,11,4,30,25.1532499
8,11,40,4,68.7499278
8,11,41,2,34.2953795
8,11,42,2,38.0877062
8,11,43,2,36.7891557
8,11,44,2,41.3960446
8,11,45,2,38.9629995
8,11,46,2,45.8215983
8,11,47,2,46.8152408
8,11,48,2,51.8075358
8,11,49,2,53.6422326
8,11,5,30,31.2099168
8,11,50,2,62.5210461
8,11,51,2,69.3425805
8,11,52,2,124.6636803
8,11,53,2,280.4757168
8,11,6,30,38.8485246
8,11,7,30,53.2863797
8,11,8,30,52.9973889
8,11,9,30,60.8076335
8,12,10,30,77.449055
8,12,11,8,22.9336199
8,12,12,8,26.0733081
8,12,13,8,28.6299539
8,12,14,8,31.9192526
8,12,15,8,34.3620076
8,12,16,8,37.773828
8,12,17,8,40.9116425
8,12,18,8,47.5080016
8,12,19,8,47.8332056
8,12,2,30,23.4049893
8,12,20,8,58.0228822
8,12,21,8,54.4832814
8,12,22,8,58.9476175
8,12,23,8,62.5363262
8,12,24,8,68.3945166
8,12,25,8,71.6624716
8,12,26,6,56.6513121
8,12,27,6,59.9813028
8,12,28,6,64.9693438
8,12,29,6,67.2243789
8,12,3,30,22.3245005
8,12,30,6,76.1914092
8,12,31,6,75.3617925
8,12,32,6,79.658722
8,12,33,4,54.5592271
8,12,34,4,58.6692574
8,12,35,4,61.3377903
8,12,36,4,64.2950702
8,12,37,4,66.9923059
8,12,38,4,71.7108454
8,12,39,4,72.2225403
8,12,4,30,28.494189
8,12,40,4,75.0843348
8,12,41,2,37.612981
8,12,42,2,42.0660931
8,12,43,2,43.6203595
8,12,44,2,45.470699
8,12,45,2,47.6881472
8,12,46,2,53.7337947
8,12,47,2,55.5885663
8,12,48,2,50.9574684
8,12,49,2,52.7667463
8,12,5,30,34.8902272
8,12,50,2,54.6439361
8,12,51,2,58.548826
8,12,52,2,63.7884562
8,12,53,2,65.2893164
8,12,54,2,98.7593109
8,12,55,2,1459.1374401
8,12,56,2,1774.607467
8,12,57,2,1894.3646274
8,12,58,2,2259.3877833
8,12,59,2,2626.0088107
8,12,6,30,43.6638005
8,12,60,2,2637.1404881
8,12,7,30,50.8446274
8,12,8,30,59.1966004
8,12,9,30,66.9476848
8,13,10,30,87.6229123
8,13,11,8,25.7082732
8,13,12,8,29.2014514
8,13,13,8,36.9724006
8,13,14,8,35.2961672
8,13,15,8,38.758243
8,13,16,8,42.3199284
8,13,17,8,46.0189931
8,13,18,8,50.1521169
8,13,19,8,53.2335157
8,13,2,30,38.1333188
8,13,20,8,57.4297618
8,13,21,8,60.7391679
8,13,22,8,66.0720777
8,13,23,8,69.907654
8,13,24,8,76.2339423
8,13,25,8,78.5999624
8,13,26,6,64.3313272
8,13,27,6,65.8424314
8,13,28,6,71.7411875
8,13,29,6,72.0871368
8,13,3,30,58.27551
8,13,30,6,80.024163
8,13,31,6,81.4898043
8,13,32,6,88.2344147
8,13,33,4,59.1796159
8,13,34,4,64.4178119
8,13,35,4,66.7261741
8,13,36,4,72.5032705
8,13,37,4,73.3614285
8,13,38,4,79.2949128
8,13,39,4,81.4589145
8,13,4,30,34.2100086
8,13,40,4,83.4950183
8,13,41,2,41.9125159
8,13,42,2,46.607256
8,13,43,2,46.3871957
8,13,44,2,51.0432319
8,13,45,2,47.9838131
8,13,46,2,52.0267782
8,13,47,2,58.616565
8,13,48,2,61.2053922
8,13,49,2,60.519239
8,13,5,30,39.6466364
8,13,50,2,62.1710862
8,13,51,2,65.0152695
8,13,52,2,70.8676585
8,13,53,2,88.611193
8,13,54,2,108.3587213
8,13,55,2,1179.5060343
8,13,56,2,1911.8221423
8,13,57,2,2072.4958241
8,13,58,2,2297.0998525
8,13,59,2,2761.5211074
8,13,6,30,59.685545
8,13,60,2,3154.3073163
8,13,7,30,57.0896593
8,13,8,30,66.3879973
8,13,9,30,75.3931056
8,14,10,2,6.806101
8,14,11,2,7.0657729
8,14,12,2,8.1507688
8,14,13,2,8.8270792
8,14,14,2,9.7350338
8,14,15,2,10.6739742
8,14,16,2,11.777122
8,14,17,2,12.4706369
8,14,18,2,13.6417912
8,14,19,2,14.4835258
8,14,2,2,1.5909076
8,14,20,2,16.0855439
8,14,21,4,45.3677586
8,14,22,4,49.7254273
8,14,23,4,52.889213
8,14,24,4,54.958578
8,14,25,4,53.2040003
8,14,26,4,49.2718236
8,14,27,4,48.0560104
8,14,28,4,51.4408985
8,14,29,4,52.6974844
8,14,3,2,2.1162471
8,14,30,4,56.6223551
8,14,31,4,60.8026727
8,14,32,4,63.3696813
8,14,33,4,64.4015616
8,14,34,4,69.4293474
8,14,35,4,71.0343773
8,14,36,4,76.4552568
8,14,37,4,78.4581348
8,14,38,4,84.1782898
8,14,39,4,111.9680007
8,14,4,2,2.7639577
8,14,40,4,105.7491599
8,14,41,2,45.1690828
8,14,42,2,48.1558137
8,14,43,2,48.9615245
8,14,44,2,52.0329399
8,14,45,2,52.5049513
8,14,46,2,56.444889
8,14,47,2,58.7193603
8,14,48,2,62.2653441
8,14,49,2,62.4051117
8,14,5,2,3.3191186
8,14,50,2,68.0108357
8,14,51,2,71.277428
8,14,52,2,74.1321214
8,14,53,2,78.7575396
8,14,54,2,159.5048292
8,14,55,2,403.6836607
8,14,56,2,1960.2711526
8,14,57,2,2099.7693679
8,14,58,2,2591.3627057
8,14,59,2,2745.3396865
8,14,6,2,4.0410242
8,14,60,2,3031.0352217
8,14,7,2,4.6033983
8,14,8,2,5.2186227
8,14,9,2,5.7836979
8,2,10,10,2.7078573
8,2,2,30,2.1261955
8,2,3,22,1.3220124
8,2,4,22,1.7195658
8,2,5,22,2.2561307
8,2,6,10,1.315864
8,2,7,10,1.6166319
8,2,8,10,2.0758846
8,2,9,10,2.3163419
8,3,10,10,4.5191302
8,3,2,30,3.8678235
8,3,3,30,3.1308423
8,3,4,22,3.0495643
8,3,5,22,3.9379747
8,3,6,10,2.3236774
8,3,7,10,3.1671997
8,3,8,10,3.4825992
8,3,9,10,3.8335858
8,4,10,10,6.3058426
8,4,2,30,5.8174803
8,4,3,30,4.9321933
8,4,4,30,6.1047317
8,4,5,22,5.7537425
8,4,6,10,3.302076
8,4,7,10,5.8216007
8,4,8,10,4.8272749
8,4,9,10,5.4484428
8,5,10,30,27.2112247
8,5,11,8,8.5405933
8,5,12,8,9.1436604
8,5,13,8,10.038195
8,5,14,8,12.0018265
8,5,15,8,11.7769352
8,5,2,30,7.3203332
8,5,3,30,6.7320606
8,5,4,30,8.4646132
8,5,5,30,10.5954766
8,5,6,30,13.5682781
8,5,7,30,18.3459728
8,5,8,30,20.9969751
8,5,9,30,22.3868773
8,6,10,30,31.0388486
8,6,11,8,9.4734043
8,6,12,8,10.8940081
8,6,13,8,11.6986822
8,6,14,8,13.1539297
8,6,15,8,14.3321493
8,6,16,8,15.7588011
8,6,2,30,10.0157152
8,6,3,30,8.2076627
8,6,4,30,11.1273164
8,6,5,30,13.4496477
8,6,6,30,16.6855448
8,6,7,30,21.6922366
8,6,8,30,24.0460198
8,6,9,30,27.0371239
8,7,10,30,38.337074
8,7,11,8,12.5900781
8,7,12,8,13.2572175
8,7,13,8,14.4556293
8,7,14,8,16.0885404
8,7,15,8,19.3809814
8,7,16,8,21.2951886
8,7,17,8,20.9318059
8,7,18,8,26.0826928
8,7,19,8,24.5238288
8,7,2,30,11.5632165
8,7,3,30,11.0459061
8,7,4,30,13.5160002
8,7,5,30,17.1198244
8,7,6,30,20.8230833
8,7,7,30,25.4052131
8,7,8,30,29.2737861
8,7,9,30,33.590818
8,8,10,30,47.7344727
8,8,11,8,13.3143683
8,8,12,8,15.4760595
8,8,13,8,18.084219
8,8,14,8,18.9369917
8,8,15,8,20.5062779
8,8,16,8,22.5960337
8,8,17,8,24.4257033
8,8,18,8,26.5180234
8,8,19,8,28.6481689
8,8,2,30,13.4032091
8,8,20,8,32.1195587
8,8,21,8,33.0904153
8,8,22,8,36.0419355
8,8,23,8,41.2891102
8,8,24,8,41.9845152
8,8,25,8,43.6091898
8,8,26,6,36.1189982
8,8,27,6,36.4636821
8,8,28,6,39.2969648
8,8,29,6,41.5824186
8,8,3,30,12.4547852
8,8,30,6,45.3043239
8,8,4,30,15.8959578
8,8,5,30,19.678855
8,8,6,30,26.3626556
8,8,7,30,29.6735933
8,8,8,30,33.9084594
8,8,9,30,38.7706159
8,9,10,30,54.9964491
8,9,11,8,16.3069699
8,9,12,8,18.0684375
8,9,13,8,19.9018591
8,9,14,8,22.0654509
8,9,15,8,24.3746311
8,9,16,8,26.5558837
8,9,17,8,28.3234967
8,9,18,8,31.4664309
8,9,19,8,33.5580887
8,9,2,30,15.73922
8,9,20,8,36.7798923
8,9,21,8,38.3658154
8,9,22,8,41.3360677
8,9,23,8,44.1222724
8,9,24,8,48.5374649
8,9,25,8,50.2107475
8,9,26,6,40.4100692
8,9,27,6,46.7126093
8,9,28,6,45.858728
8,9,29,6,48.2122595
8,9,3,30,15.5844818
8,9,30,6,51.1962476
8,9,31,6,53.3739869
8,9,32,6,57.0953213
8,9,33,4,39.2158616
8,9,34,4,42.2720279
8,9,35,4,44.1785767
8,9,36,4,49.3693757
8,9,4,30,21.5792916
8,9,5,30,23.7969988
8,9,6,30,35.9817453
8,9,7,30,36.9871208
8,9,8,30,40.7903919
8,9,9,30,46.0476526
9,10,10,30,92.2741558
9,10,11,6,18.9944811
9,10,12,6,21.373008
9,10,13,6,26.7019049
9,10,14,6,26.8452332
9,10,15,6,29.0308087
9,10,16,6,31.8249269
9,10,17,6,34.7821331
9,10,18,6,37.9384739
9,10,19,6,41.4583398
9,10,2,30,34.6345082
9,10,20,6,43.4902605
9,10,21,6,47.7277943
9,10,22,6,51.4954749
9,10,23,6,54.0147911
9,10,24,6,58.3629615
9,10,25,6,64.0072353
9,10,26,4,46.3651923
9,10,27,4,47.3087037
9,10,28,4,49.7510135
9,10,29,4,56.0391724
9,10,3,30,25.9795352
9,10,30,4,55.1277143
9,10,31,4,60.8015742
9,10,32,4,64.1962819
9,10,33,2,33.1802645
9,10,34,2,35.373366
9,10,35,2,36.4712049
9,10,36,2,37.2490008
9,10,37,2,42.3131082
9,10,38,2,43.2281812
9,10,39,2,48.7376431
9,10,4,30,32.7935847
9,10,40,2,47.3634294
9,10,41,2,50.3304794
9,10,42,2,88.8908702
9,10,5,30,41.2851271
9,10,6,30,55.5733779
9,10,7,30,54.4998087
9,10,8,30,64.6330975
9,10,9,30,73.6234371
9,11,10,30,96.3058847
9,11,11,6,21.5335326
9,11,12,6,24.213464
9,11,13,6,27.1043758
9,11,14,6,30.3091775
9,11,15,6,32.5494857
9,11,16,6,35.9348256
9,11,17,6,39.2380052
9,11,18,6,43.4066212
9,11,19,6,46.1052319
9,11,2,30,38.3684522
9,11,20,6,50.4691299
9,11,21,6,54.5639053
9,11,22,6,57.0311102
9,11,23,6,61.3709489
9,11,24,6,66.2891099
9,11,25,6,74.7797594
9,11,26,4,50.7874988
9,11,27,4,52.1036281
9,11,28,4,57.685033
9,11,29,4,62.5642499
9,11,3,30,37.0829235
9,11,30,4,66.6357626
9,11,31,4,67.9509117
9,11,32,4,69.1889658
9,11,33,2,36.5999124
9,11,34,2,40.1341493
9,11,35,2,42.0600511
9,11,36,2,43.6124946
9,11,37,2,47.4447115
9,11,38,2,51.1998626
9,11,39,2,53.4082078
9,11,4,30,36.076858
9,11,40,2,55.8292722
9,11,41,2,58.0903165
9,11,42,2,73.5258477
9,11,43,2,82.191733
9,11,44,2,1268.7039238
9,11,45,2,1815.4698852
9,11,46,2,1954.4925001
9,11,47,2,10896.1421186
9,11,5,30,43.1648232
9,11,6,30,52.5265472
9,11,7,30,70.7664477
9,11,8,30,73.1221879
9,11,9,30,83.9577593
9,12,10,30,107.9824675
9,12,11,6,28.6933911
9,12,12,6,27.3023106
9,12,13,6,30.15122
9,12,14,6,33.0474851
9,12,15,6,41.5113287
9,12,16,6,40.0487978
9,12,17,6,43.98807
9,12,18,6,51.6063376
9,12,19,6,52.5926347
9,12,2,30,51.8965579
9,12,20,6,55.7520245
9,12,21,6,60.2548415
9,12,22,6,62.5280382
9,12,23,6,80.5731306
9,12,24,6,73.6115911
9,12,25,6,77.4301162
9,12,26,4,55.3338543
9,12,27,4,60.7247402
9,12,28,4,64.5569341
9,12,29,4,70.0345494
9,12,3,30,33.0460924
9,12,30,4,69.9793565
9,12,31,4,75.4640683
9,12,32,4,76.7309714
9,12,33,2,40.5760126
9,12,34,2,41.7890617
9,12,35,2,46.8456848
9,12,36,2,46.2396498
9,12,37,2,52.5082703
9,12,38,2,56.7569567
9,12,39,2,58.8904644
9,12,4,30,42.9974368
9,12,40,2,58.7016097
9,12,41,2,87.3063374
9,12,42,2,69.3020745
9,12,43,2,615.2089266
9,12,44,2,1542.6565383
9,12,45,2,1723.5149588
9,12,46,2,2144.684016
9,12,47,2,2304.3492044
9,12,5,30,51.932356
9,12,6,30,59.4721746
9,12,7,30,70.3440705
9,12,8,30,81.4628167
9,12,9,30,99.2761181
9,13,10,30,123.1872572
9,13,11,6,27.0686284
9,13,12,6,30.1696761
9,13,13,6,33.7704135
9,13,14,6,37.5782097
9,13,15,6,41.1605001
9,13,16,6,44.2530391
9,13,17,6,50.4560317
9,13,18,6,51.7787725
9,13,19,6,57.9007816
9,13,2,30,60.4743043
9,13,20,6,62.3723397
9,13,21,6,65.1199636
9,13,22,6,70.9334004
9,13,23,6,75.895048
9,13,24,6,79.5122837
9,13,25,6,84.7714092
9,13,26,4,63.051961
9,13,27,4,70.1378559
9,13,28,4,71.4979672
9,13,29,4,72.2007523
9,13,3,30,36.3803615
9,13,30,4,80.7426449
9,13,31,4,84.0738566
9,13,32,4,85.8787345
9,13,33,2,43.8961884
9,13,34,2,46.7448619
9,13,35,2,50.391908
9,13,36,2,53.0115685
9,13,37,2,54.1150458
9,13,38,2,58.7661822
9,13,39,2,65.0286185
9,13,4,30,47.1118461
9,13,40,2,65.4071627
9,13,41,2,68.9998222
9,13,42,2,105.1360467
9,13,43,2,470.3286134
9,13,44,2,1728.0313903
9,13,45,2,1942.9389582
9,13,46,2,2243.3588656
9,13,47,2,2866.8521938
9,13,5,30,55.0117795
9,13,6,30,65.971032
9,13,7,30,79.655255
9,13,8,30,91.8225871
9,13,9,30,105.4672276
9,14,10,2,9.562978
9,14,11,2,10.1192821
9,14,12,2,11.2375291
9,14,13,2,12.6788484
9,14,14,2,13.717281
9,14,15,2,14.9654858
9,14,16,2,16.6795589
9,14,17,2,18.2556947
9,14,18,2,19.7675627
9,14,19,2,21.4461982
9,14,2,2,2.2074599
9,14,20,2,23.286975
9,14,21,2,35.3033625
9,14,22,2,37.5525874
9,14,23,2,39.8539931
9,14,24,2,51.5890474
9,14,25,2,62.0409056
9,14,26,2,33.0641082
9,14,27,2,35.6075235
9,14,28,2,37.5862085
9,14,29,2,40.6975232
9,14,3,2,2.8241909
9,14,30,2,43.0072684
9,14,31,2,44.7201642
9,14,32,2,47.1134522
9,14,33,2,49.4143942
9,14,34,2,51.2958167
9,14,35,2,55.6550147
9,14,36,2,58.1305741
9,14,37,2,60.3849515
9,14,38,2,65.6470045
9,14,39,2,69.7292056
9,14,4,2,3.6825312
9,14,40,2,71.6836939
9,14,41,2,76.759594
9,14,42,2,79.1833317
9,14,43,2,158.1390128
9,14,44,2,1772.7316893
9,14,45,2,2047.082591
9,14,46,2,2612.6381017
9,14,47,2,3129.986956
9,14,5,2,4.3988394
9,14,6,2,5.2443493
9,14,7,2,6.134982
9,14,8,2,7.2841031
9,14,9,2,8.3298347
9,2,10,10,3.8751712
9,2,2,30,2.8010838
9,2,3,22,4.3787013
9,2,4,22,2.5442788
9,2,5,22,3.0533985
9,2,6,10,2.027836
9,2,7,10,2.2084257
9,2,8,10,2.6830851
9,2,9,10,3.1970786
9,3,10,10,6.4348305
9,3,2,30,5.7625281
9,3,3,22,7.1952399
9,3,4,22,4.5031796
9,3,5,22,5.2919541
9,3,6,10,3.218288
9,3,7,10,3.8634672
9,3,8,10,4.4584128
9,3,9,10,6.1356781
9,4,10,10,8.8956221
9,4,2,30,8.2015297
9,4,3,30,12.3094949
9,4,4,30,8.6919025
9,4,5,22,7.5097422
9,4,6,10,4.3183705
9,4,7,10,5.2778511
9,4,8,10,6.3408382
9,4,9,10,9.9994745
9,5,10,30,35.7101598
9,5,11,6,8.6091628
9,5,12,6,9.2191769
9,5,13,6,10.2452049
9,5,14,6,12.8448763
9,5,15,6,11.9882717
9,5,2,30,11.2305355
9,5,3,30,16.6467959
9,5,4,30,13.775062
9,5,5,30,14.0475533
9,5,6,30,17.7359418
9,5,7,30,21.431597
9,5,8,30,27.1546553
9,5,9,30,31.7683812
9,6,10,30,42.8244609
9,6,11,6,9.6563778
9,6,12,6,10.9221882
9,6,13,6,12.0957936
9,6,14,6,13.5059059
9,6,15,6,15.1395945
9,6,16,6,16.7734467
9,6,2,30,16.5247927
9,6,3,30,20.918819
9,6,4,30,19.3602286
9,6,5,30,17.674716
9,6,6,30,22.2238169
9,6,7,30,26.8228931
9,6,8,30,32.0883289
9,6,9,30,37.2451344
9,7,10,30,52.5280223
9,7,11,6,12.9989063
9,7,12,6,13.2438318
9,7,13,6,14.7778943
9,7,14,6,16.5968938
9,7,15,6,19.3682413
9,7,16,6,20.5672001
9,7,17,6,21.9006483
9,7,18,6,27.5222156
9,7,19,6,26.2450002
9,7,2,30,17.4862068
9,7,3,30,25.0041985
9,7,4,30,19.7387305
9,7,5,30,26.9499251
9,7,6,30,27.8797172
9,7,7,30,33.3251777
9,7,8,30,39.3359558
9,7,9,30,46.0231299
9,8,10,30,61.4620619
9,8,11,6,13.9647269
9,8,12,6,15.6158532
9,8,13,6,17.8417596
9,8,14,6,19.7686129
9,8,15,6,21.6383272
9,8,16,6,24.1962407
9,8,17,6,26.0967982
9,8,18,6,28.00161
9,8,19,6,30.8254006
9,8,2,30,21.5536015
9,8,20,6,33.8117079
9,8,21,6,36.4687668
9,8,22,6,38.4709041
9,8,23,6,41.6387469
9,8,24,6,45.2614475
9,8,25,6,47.2484587
9,8,26,4,33.7580019
9,8,27,4,36.7146547
9,8,28,4,42.7614647
9,8,29,4,44.4272024
9,8,3,30,16.6882069
9,8,30,4,46.7623717
9,8,4,30,22.7053998
9,8,5,30,28.6926771
9,8,6,30,32.997343
9,8,7,30,39.895669
9,8,8,30,46.111502
9,8,9,30,53.4813204
9,9,10,30,73.076738
9,9,11,6,16.4348556
9,9,12,6,18.7622626
9,9,13,6,21.0095005
9,9,14,6,23.1397971
9,9,15,6,25.1446533
9,9,16,6,28.0120459
9,9,17,6,30.2074035
9,9,18,6,33.4441142
9,9,19,6,39.0298138
9,9,2,30,28.7348482
9,9,20,6,40.2357972
9,9,21,6,41.4831546
9,9,22,6,46.8495436
9,9,23,6,48.9891088
9,9,24,6,51.4427909
9,9,25,6,53.9773797
9,9,26,4,38.6897986
9,9,27,4,42.0308499
9,9,28,4,46.0232907
9,9,29,4,48.9284119
9,9,3,30,21.8328811
9,9,30,4,50.8498538
9,9,31,4,53.2022172
9,9,32,4,56.4872993
9,9,33,2,28.4612923
9,9,34,2,29.1517688
9,9,35,2,34.1057386
9,9,36,2,34.612233
9,9,4,30,29.1291354
9,9,5,30,32.2887192
9,9,6,30,46.0825159
9,9,7,30,50.9245412
9,9,8,30,58.6738722
9,9,9,30,63.1242315
